,日期,开盘,收盘,最高,最低,成交量,成交额,振幅,涨跌幅,涨跌额,换手率
0,2017-01-03,86.77,86.77,87.33,86.17,32476,140066458.0,1.34,0.35,0.3,1.99
1,2017-01-04,87.33,95.41,95.41,86.79,77076,355250624.0,9.93,9.96,8.64,4.72
2,2017-01-05,98.55,96.09,98.57,95.79,172299,834499232.0,2.91,0.71,0.68,10.56
3,2017-01-06,95.09,94.41,96.97,93.69,101498,482740176.0,3.41,-1.75,-1.68,6.22
4,2017-01-09,94.53,96.87,100.93,94.49,123981,603705696.0,6.82,2.61,2.46,7.6
5,2017-01-10,96.33,95.33,97.89,94.79,71648,342786304.0,3.2,-1.59,-1.54,4.39
6,2017-01-11,94.73,97.13,97.91,94.53,77907,375282384.0,3.55,1.89,1.8,4.77
7,2017-01-12,97.33,98.83,101.23,96.03,113097,560039552.0,5.35,1.75,1.7,6.93
8,2017-01-13,98.69,97.63,101.23,97.49,98761,490461856.0,3.78,-1.21,-1.2,6.05
9,2017-01-16,96.53,94.13,97.53,88.43,95870,449375136.0,9.32,-3.58,-3.5,5.87
10,2017-01-17,93.09,96.89,97.33,91.15,86762,409439744.0,6.57,2.93,2.76,5.32
11,2017-01-18,95.95,96.83,98.99,95.31,72960,352659120.0,3.8,-0.06,-0.06,4.47
12,2017-01-19,95.71,95.83,96.75,94.45,55801,265868020.0,2.38,-1.03,-1.0,3.42
13,2017-01-20,95.49,99.67,100.05,95.49,84175,411811968.0,4.76,4.01,3.84,5.16
14,2017-01-23,99.21,100.95,103.33,99.19,88435,446852016.0,4.15,1.28,1.28,5.42
15,2017-01-24,100.53,101.97,102.93,99.65,64628,325848896.0,3.25,1.01,1.02,3.96
16,2017-01-25,101.73,101.89,102.13,100.73,49021,247801705.0,1.37,-0.08,-0.08,3.0
17,2017-01-26,101.65,101.69,103.25,100.95,48392,245871336.0,2.26,-0.2,-0.2,2.96
18,2017-02-03,99.33,95.95,100.11,94.33,79484,385083104.0,5.68,-5.64,-5.74,4.87
19,2017-02-06,94.99,96.29,97.35,94.97,48490,232444038.0,2.48,0.35,0.34,2.97
20,2017-02-07,95.75,93.33,96.25,92.21,88061,412503216.0,4.2,-3.07,-2.96,5.39
21,2017-02-08,93.33,94.81,95.09,92.77,55390,259622166.0,2.49,1.59,1.48,3.39
22,2017-02-09,94.93,100.01,102.03,94.33,106356,525149952.0,8.12,5.48,5.2,6.52
23,2017-02-10,99.33,98.89,100.03,98.11,66854,329801552.0,1.92,-1.12,-1.12,4.1
24,2017-02-13,98.85,101.41,103.23,98.39,88801,448533200.0,4.89,2.55,2.52,5.44
25,2017-02-14,100.99,101.39,103.23,100.41,76051,385504976.0,2.78,-0.02,-0.02,4.66
26,2017-02-15,100.93,97.53,101.93,97.15,75807,374529264.0,4.71,-3.81,-3.86,4.64
27,2017-02-16,97.15,100.51,101.41,97.15,80937,402606960.0,4.37,3.06,2.98,4.96
28,2017-02-17,101.13,99.83,103.03,99.55,90350,455431536.0,3.46,-0.68,-0.68,5.54
29,2017-02-20,99.89,102.31,102.65,99.63,74839,377737216.0,3.03,2.48,2.48,4.58
30,2017-03-02,106.33,107.41,112.33,104.93,176857,950204384.0,7.23,4.98,5.1,10.83
31,2017-03-03,107.93,118.11,118.11,106.59,219037,1255658080.0,10.73,9.96,10.7,13.42
32,2017-03-06,118.11,118.37,123.71,115.93,238805,1420253056.0,6.59,0.22,0.26,14.63
33,2017-03-07,117.23,115.63,119.29,114.47,155675,901011072.0,4.07,-2.31,-2.74,9.54
34,2017-03-08,115.65,114.09,116.63,113.55,97563,558518928.0,2.66,-1.33,-1.54,5.98
35,2017-03-09,114.31,118.39,119.03,111.53,168016,969433760.0,6.57,3.77,4.3,10.29
36,2017-03-10,117.07,118.03,122.33,115.73,167748,992198128.0,5.57,-0.3,-0.36,10.28
37,2017-03-13,116.33,119.73,121.65,115.51,122273,724598384.0,5.2,1.44,1.7,7.49
38,2017-03-14,119.73,117.15,122.93,116.77,143336,856313392.0,5.14,-2.15,-2.58,8.78
39,2017-03-15,115.53,112.09,116.23,112.07,124043,704145840.0,3.55,-4.32,-5.06,7.6
40,2017-03-16,112.65,113.63,114.71,112.65,75049,424560656.0,1.84,1.37,1.54,4.6
41,2017-03-17,113.63,110.79,114.31,110.35,96019,537600064.0,3.48,-2.5,-2.84,5.88
42,2017-03-20,111.33,111.15,112.67,108.93,80091,442801008.0,3.38,0.32,0.36,4.91
43,2017-03-21,111.35,113.31,113.45,110.05,83287,464887344.0,3.06,1.94,2.16,5.1
44,2017-03-22,112.33,116.33,117.31,111.93,125674,720519056.0,4.75,2.67,3.02,7.7
45,2017-03-23,115.73,113.43,117.19,111.95,96590,552087392.0,4.5,-2.49,-2.9,5.92
46,2017-03-24,112.75,111.93,114.61,111.93,61289,345998960.0,2.36,-1.32,-1.5,3.75
47,2017-03-27,110.95,112.37,114.11,109.89,69959,388905520.0,3.77,0.39,0.44,4.29
48,2017-03-28,111.93,112.33,115.13,111.69,77764,440721968.0,3.06,-0.04,-0.04,4.76
49,2017-03-29,111.77,108.73,113.23,108.73,74085,411913536.0,4.01,-3.2,-3.6,4.54
50,2017-03-30,108.65,104.07,109.33,103.33,87597,461993088.0,5.52,-4.29,-4.66,5.37
51,2017-03-31,105.13,106.43,107.49,104.71,74756,396137584.0,2.67,2.27,2.36,4.58
52,2017-04-05,106.43,112.73,113.73,106.43,97370,543270000.0,6.86,5.92,6.3,5.97
53,2017-04-06,112.73,114.01,114.51,110.95,83443,467959568.0,3.16,1.14,1.28,5.11
54,2017-04-07,113.33,111.69,114.73,111.45,50890,286668976.0,2.88,-2.03,-2.32,3.12
55,2017-04-10,110.73,106.73,112.49,106.73,80439,437511952.0,5.16,-4.44,-4.96,4.93
56,2017-04-11,106.11,107.05,109.09,102.35,86835,458193248.0,6.32,0.3,0.32,5.32
57,2017-04-12,106.11,105.09,108.47,104.55,52319,278323376.0,3.66,-1.83,-1.96,3.21
58,2017-04-13,104.61,106.67,107.09,104.45,44706,236867827.0,2.51,1.5,1.58,2.74
59,2017-04-14,106.69,101.15,106.93,100.67,79141,406926560.0,5.87,-5.17,-5.52,4.85
60,2017-04-17,100.49,99.91,102.85,99.13,47498,238640596.0,3.68,-1.23,-1.24,2.91
61,2017-04-18,99.73,94.25,101.23,93.73,69305,334581136.0,7.51,-5.67,-5.66,4.24
62,2017-04-19,92.61,94.37,94.53,89.29,62602,286699552.0,5.56,0.13,0.12,3.83
63,2017-04-20,94.33,91.57,95.31,91.57,46397,215749854.0,3.96,-2.97,-2.8,2.84
64,2017-04-21,91.63,91.01,93.29,90.33,38985,178237320.0,3.23,-0.61,-0.56,2.39
65,2017-04-24,89.75,84.17,89.99,83.73,55254,238871291.0,6.88,-7.52,-6.84,3.38
66,2017-04-25,85.73,85.21,86.15,83.83,44764,189559195.0,2.76,1.24,1.04,2.74
67,2017-04-26,85.67,86.15,88.47,85.19,91077,196549602.0,3.85,1.1,0.94,2.79
68,2017-04-27,85.75,87.39,88.15,81.75,115161,244269727.0,7.43,1.44,1.24,3.53
69,2017-04-28,86.55,89.35,91.75,86.55,133808,298665936.0,5.95,2.24,1.96,4.1
70,2017-05-02,89.35,89.63,91.67,88.27,80979,180943342.0,3.81,0.31,0.28,2.48
71,2017-05-03,89.55,88.51,90.51,87.15,85706,188882465.0,3.75,-1.25,-1.12,2.62
72,2017-05-04,88.87,85.75,88.87,85.47,98006,210979683.0,3.84,-3.12,-2.76,3.0
73,2017-05-05,84.95,85.27,87.75,84.23,82342,176993920.0,4.1,-0.56,-0.48,2.52
74,2017-05-08,85.59,85.31,87.71,85.31,80502,172766296.0,2.81,0.05,0.04,2.46
75,2017-05-09,85.31,86.71,86.75,82.03,82398,173252867.0,5.53,1.64,1.4,2.52
76,2017-05-10,86.67,84.91,88.07,84.67,88820,191249242.0,3.92,-2.08,-1.8,2.72
77,2017-05-11,83.47,83.87,84.51,80.95,91524,188505268.0,4.19,-1.22,-1.04,2.8
78,2017-05-12,83.87,82.19,84.31,81.27,74458,152483467.0,3.62,-2.0,-1.68,2.28
79,2017-05-15,82.15,74.03,82.79,74.03,171879,332543520.0,10.66,-9.93,-8.16,5.26
80,2017-05-16,72.83,77.19,77.51,72.59,141177,264641171.0,6.65,4.27,3.16,4.32
81,2017-05-17,77.27,76.47,77.67,75.87,97327,185416685.0,2.33,-0.93,-0.72,2.98
82,2017-05-18,75.07,76.99,78.35,74.71,87765,167547938.0,4.76,0.68,0.52,2.69
83,2017-05-19,76.99,75.07,78.11,74.87,69513,131259002.0,4.21,-2.49,-1.92,2.13
84,2017-05-22,75.43,74.19,77.47,73.55,75623,142058067.0,5.22,-1.17,-0.88,2.31
85,2017-05-23,73.67,69.59,75.55,68.55,97487,174569382.0,9.44,-6.2,-4.6,2.98
86,2017-05-24,68.59,70.15,70.47,68.59,66522,115010848.0,2.7,0.8,0.56,2.04
87,2017-05-25,69.67,70.51,70.79,67.39,96154,165377393.0,4.85,0.51,0.36,2.94
88,2017-05-26,70.55,70.55,71.91,70.07,55247,97012536.0,2.61,0.06,0.04,1.69
89,2017-05-31,71.79,70.31,72.19,70.19,51736,91350581.0,2.83,-0.34,-0.24,1.58
90,2017-06-01,70.55,65.67,70.67,64.95,78536,132412087.0,8.14,-6.6,-4.64,2.4
91,2017-06-02,65.27,67.63,68.35,64.79,65004,107337613.0,5.42,2.98,1.96,1.99
92,2017-06-05,67.95,74.35,74.35,67.95,159417,283243632.0,9.46,9.94,6.72,4.88
93,2017-06-06,74.35,74.11,77.95,73.27,217579,407850288.0,6.29,-0.32,-0.24,6.66
94,2017-06-07,74.27,77.03,77.55,73.43,178964,338766416.0,5.56,3.94,2.92,5.48
95,2017-06-08,76.15,76.11,77.75,75.75,128804,244874711.0,2.6,-1.19,-0.92,3.94
96,2017-06-09,75.75,76.91,77.27,75.63,97051,184542577.0,2.15,1.05,0.8,2.97
97,2017-06-12,76.55,73.95,76.55,72.95,93355,172967246.0,4.68,-3.85,-2.96,2.86
98,2017-06-13,73.87,81.31,81.31,73.47,208573,410152464.0,10.6,9.95,7.36,6.38
99,2017-06-14,85.39,85.15,89.35,83.95,430216,920314048.0,6.64,4.72,3.84,13.17
100,2017-06-15,85.47,87.75,89.19,84.67,306713,663102688.0,5.31,3.05,2.6,9.39
101,2017-06-16,86.55,91.83,94.91,85.87,311474,706762496.0,10.3,4.65,4.08,9.53
102,2017-06-19,91.75,92.55,95.31,89.39,235329,541497200.0,6.45,0.78,0.72,7.2
103,2017-06-20,92.55,97.63,97.95,92.39,262870,624095312.0,6.01,5.49,5.08,8.05
104,2017-06-21,97.71,96.39,97.71,95.15,178461,425778208.0,2.62,-1.27,-1.24,5.46
105,2017-06-22,96.39,92.67,99.63,92.59,249432,594754688.0,7.3,-3.86,-3.72,7.64
106,2017-06-23,92.03,100.79,100.87,89.03,309926,724489536.0,12.78,8.76,8.12,9.49
107,2017-06-26,100.03,101.51,102.55,98.95,265657,665416656.0,3.57,0.71,0.72,8.13
108,2017-06-27,100.39,98.19,100.43,97.51,196967,484439264.0,2.88,-3.27,-3.32,6.03
109,2017-06-28,98.95,99.47,101.15,96.63,244295,603648960.0,4.6,1.3,1.28,7.48
110,2017-06-29,98.43,97.79,99.47,97.07,135473,330217936.0,2.41,-1.69,-1.68,4.15
111,2017-06-30,97.51,100.31,102.55,95.47,270832,669390448.0,7.24,2.58,2.52,8.29
112,2017-07-03,100.03,99.99,100.35,98.11,190822,471173792.0,2.23,-0.32,-0.32,5.84
113,2017-07-04,99.95,97.35,102.55,97.35,253211,632861456.0,5.2,-2.64,-2.64,7.75
114,2017-07-05,96.55,101.39,102.07,94.95,271489,670311184.0,7.31,4.15,4.04,8.31
115,2017-07-06,100.67,107.35,111.47,100.15,455780,1214554432.0,11.16,5.88,5.96,13.95
116,2017-07-07,105.75,108.55,110.55,104.67,281445,752007424.0,5.48,1.12,1.2,8.62
117,2017-07-10,107.79,106.55,109.87,104.55,201106,534980352.0,4.9,-1.84,-2.0,6.16
118,2017-07-11,105.87,102.75,107.03,101.79,180405,467797936.0,4.92,-3.57,-3.8,5.52
119,2017-07-12,102.15,106.15,106.15,102.07,215558,559733840.0,3.97,3.31,3.4,6.6
120,2017-07-13,106.35,103.71,108.95,102.99,220345,582484416.0,5.61,-2.3,-2.44,6.74
121,2017-07-14,102.27,104.51,106.47,100.55,200316,518779424.0,5.71,0.77,0.8,6.13
122,2017-07-17,102.99,96.11,104.39,96.03,224296,554416608.0,8.0,-8.04,-8.4,6.87
123,2017-07-18,95.99,97.15,98.31,92.87,163625,391320720.0,5.66,1.08,1.04,5.01
124,2017-07-19,97.23,97.79,99.31,93.55,202353,485482864.0,5.93,0.66,0.64,6.19
125,2017-07-20,98.43,100.59,103.63,97.55,238767,602117888.0,6.22,2.86,2.8,7.31
126,2017-07-21,99.11,98.55,101.51,98.47,147455,365037984.0,3.02,-2.03,-2.04,4.51
127,2017-07-24,97.95,94.15,98.79,91.39,215127,505843840.0,7.51,-4.46,-4.4,6.59
128,2017-07-25,93.75,95.99,95.99,92.99,130026,306333648.0,3.19,1.95,1.84,3.98
129,2017-07-26,95.75,103.75,105.55,94.55,368285,932275808.0,11.46,8.08,7.76,11.27
130,2017-07-27,101.23,104.75,107.19,101.03,309310,801332208.0,5.94,0.96,1.0,9.47
131,2017-07-28,104.75,107.35,108.55,104.07,322307,856688304.0,4.28,2.48,2.6,9.87
132,2017-07-31,107.79,108.55,111.27,106.55,306564,831337888.0,4.4,1.12,1.2,9.38
133,2017-08-01,107.11,113.51,117.99,106.71,404183,1133461472.0,10.39,4.57,4.96,12.37
134,2017-08-02,113.67,110.67,115.35,109.99,306789,855113520.0,4.72,-2.5,-2.84,9.39
135,2017-08-03,110.19,108.75,111.47,108.07,181233,493546432.0,3.07,-1.73,-1.92,5.55
136,2017-08-04,108.99,104.95,110.91,104.79,200482,537795200.0,5.63,-3.49,-3.8,6.14
137,2017-08-07,105.35,107.35,108.55,105.35,137628,366500848.0,3.05,2.29,2.4,4.21
138,2017-08-08,105.35,101.99,105.35,101.23,250600,645506256.0,3.84,-4.99,-5.36,7.67
139,2017-08-09,101.23,103.35,104.95,101.23,135309,347679888.0,3.65,1.33,1.36,4.14
140,2017-08-10,103.95,100.63,104.51,99.95,152429,384450320.0,4.41,-2.63,-2.72,4.67
141,2017-08-11,100.59,98.55,102.63,96.67,131564,329005680.0,5.92,-2.07,-2.08,4.03
142,2017-08-14,99.31,104.43,105.35,99.27,183987,471097072.0,6.17,5.97,5.88,5.63
143,2017-08-15,104.15,105.35,106.47,103.39,158971,414625328.0,2.95,0.88,0.92,4.87
144,2017-08-16,105.27,104.11,105.27,101.43,132260,339417568.0,3.64,-1.18,-1.24,4.05
145,2017-08-17,104.35,104.55,105.15,102.15,147469,380744240.0,2.88,0.42,0.44,4.51
146,2017-08-18,103.23,101.27,103.23,100.87,107652,272383312.0,2.26,-3.14,-3.28,3.3
147,2017-08-21,101.35,101.35,102.59,101.19,55911,141114001.0,1.38,0.08,0.08,1.71
148,2017-08-22,100.91,103.47,105.23,100.83,150366,387335456.0,4.34,2.09,2.12,4.6
149,2017-08-23,102.51,100.19,103.03,99.95,106087,266857440.0,2.98,-3.17,-3.28,3.25
150,2017-08-24,100.07,98.51,101.71,97.99,76926,189453364.0,3.71,-1.68,-1.68,2.35
151,2017-08-25,99.19,100.39,101.51,98.67,87597,218156423.0,2.88,1.91,1.88,2.68
152,2017-08-28,101.15,103.71,104.43,100.19,141124,361427008.0,4.22,3.31,3.32,4.32
153,2017-08-29,103.91,102.11,104.55,101.55,117982,301401760.0,2.89,-1.54,-1.6,3.61
154,2017-08-30,102.03,106.95,110.55,101.47,251033,668828832.0,8.89,4.74,4.84,7.68
155,2017-08-31,108.95,110.99,111.35,107.35,290351,791193712.0,3.74,3.78,4.04,8.89
156,2017-09-01,110.55,111.47,113.35,109.35,251486,696371808.0,3.6,0.43,0.48,7.7
157,2017-09-04,111.47,108.83,112.47,108.51,201621,550878496.0,3.55,-2.37,-2.64,6.17
158,2017-09-05,108.59,113.67,113.99,106.71,328145,909144096.0,6.69,4.45,4.84,10.04
159,2017-09-06,118.19,124.99,124.99,115.79,358153,1078942096.0,8.09,9.96,11.32,10.96
160,2017-09-07,132.55,132.55,137.43,130.55,732916,2442660624.0,5.5,6.05,7.56,22.43
161,2017-09-08,133.87,133.27,138.51,129.47,562492,1885235296.0,6.82,0.54,0.72,17.22
162,2017-09-11,135.35,146.55,146.55,134.63,662411,2333609408.0,8.94,9.96,13.28,20.28
163,2017-09-12,142.51,138.15,151.63,136.55,749683,2684074576.0,10.29,-5.73,-8.4,22.95
164,2017-09-13,136.55,136.95,138.15,131.79,367366,1238393824.0,4.6,-0.87,-1.2,11.25
165,2017-09-14,135.75,132.15,136.51,131.43,256210,852813888.0,3.71,-3.5,-4.8,7.84
166,2017-09-15,132.87,135.95,136.95,131.79,294048,986789040.0,3.9,2.88,3.8,8.82
167,2017-09-18,133.95,136.39,137.67,132.59,215278,726070592.0,3.74,0.32,0.44,6.46
168,2017-09-19,137.19,132.55,137.91,130.55,219125,732722320.0,5.4,-2.82,-3.84,6.57
169,2017-09-20,132.39,133.51,133.67,130.15,174664,575681168.0,2.66,0.72,0.96,5.24
170,2017-09-21,133.55,127.39,134.15,127.35,217087,701247184.0,5.09,-4.58,-6.12,6.51
171,2017-09-22,127.39,126.99,130.07,126.19,147261,469186352.0,3.05,-0.31,-0.4,4.42
172,2017-09-25,127.03,124.63,128.39,124.55,140426,441871248.0,3.02,-1.86,-2.36,4.21
173,2017-09-26,124.63,126.35,127.75,124.63,109434,343633168.0,2.5,1.38,1.72,3.28
174,2017-09-27,126.63,132.11,132.15,126.39,208020,675017152.0,4.56,4.56,5.76,6.24
175,2017-09-28,131.27,130.23,133.23,129.75,140257,457907024.0,2.63,-1.42,-1.88,4.21
176,2017-09-29,129.83,130.63,133.27,127.71,135974,440247648.0,4.27,0.31,0.4,4.08
177,2017-10-09,132.55,132.55,133.51,129.79,119897,392413520.0,2.85,1.47,1.92,3.6
178,2017-10-10,132.55,130.91,133.39,127.75,148422,480902736.0,4.25,-1.24,-1.64,4.45
179,2017-10-11,129.91,127.75,130.47,124.63,138872,441581872.0,4.46,-2.41,-3.16,4.17
180,2017-10-12,126.55,130.47,132.51,125.43,179691,579309120.0,5.54,2.13,2.72,5.39
181,2017-10-13,129.35,129.47,132.43,129.31,120308,391601488.0,2.39,-0.77,-1.0,3.61
182,2017-10-16,128.47,121.63,128.47,121.27,143415,448215056.0,5.56,-6.06,-7.84,4.3
183,2017-10-17,120.55,119.11,122.27,118.67,109721,327777264.0,2.96,-2.07,-2.52,3.29
184,2017-10-18,119.71,116.15,120.43,116.15,87985,258431418.0,3.59,-2.49,-2.96,2.64
185,2017-10-19,116.87,119.11,121.23,116.07,128405,380366944.0,4.44,2.55,2.96,3.85
186,2017-10-20,118.55,123.07,123.67,117.95,130179,396473936.0,4.8,3.32,3.96,3.9
187,2017-10-23,123.55,123.31,125.99,122.15,98411,303862672.0,3.12,0.2,0.24,2.95
188,2017-10-24,123.55,120.95,124.07,118.03,109312,329311824.0,4.9,-1.91,-2.36,3.28
189,2017-10-25,120.95,120.87,121.11,118.11,85594,255111798.0,2.48,-0.07,-0.08,2.57
190,2017-10-26,119.75,124.87,125.55,118.63,154950,476162640.0,5.73,3.31,4.0,4.65
191,2017-10-27,124.15,121.59,125.35,121.55,96657,297032864.0,3.04,-2.63,-3.28,2.9
192,2017-10-30,120.75,116.55,120.91,114.59,137171,397715344.0,5.2,-4.15,-5.04,4.11
193,2017-10-31,114.75,117.47,117.87,114.75,98494,286314272.0,2.68,0.79,0.92,2.95
194,2017-11-01,117.55,116.07,118.35,116.03,87843,255556162.0,1.97,-1.19,-1.4,2.63
195,2017-11-02,115.83,112.95,116.51,111.83,117813,334514848.0,4.03,-2.69,-3.12,3.53
196,2017-11-03,112.67,112.95,114.51,111.55,92002,259171127.0,2.62,0.0,0.0,2.76
197,2017-11-06,113.27,114.11,114.67,112.15,66061,186592158.0,2.23,1.03,1.16,1.98
198,2017-11-07,114.11,114.75,115.55,111.71,85894,243007472.0,3.37,0.56,0.64,2.58
199,2017-11-08,114.95,123.59,126.15,114.19,237095,721828080.0,10.42,7.7,8.84,7.11
200,2017-11-09,124.15,124.79,125.03,122.59,160415,495202000.0,1.97,0.97,1.2,4.81
201,2017-11-10,124.75,125.79,129.35,124.15,189867,600330224.0,4.17,0.8,1.0,5.69
202,2017-11-13,127.95,126.35,129.67,124.19,153923,484815312.0,4.36,0.45,0.56,4.62
203,2017-11-14,125.27,125.55,127.63,123.19,149977,469228800.0,3.51,-0.63,-0.8,4.5
204,2017-11-15,124.03,114.75,124.75,114.27,193614,575371376.0,8.35,-8.6,-10.8,5.81
205,2017-11-16,114.79,113.51,116.23,113.03,101500,289041264.0,2.79,-1.08,-1.24,3.04
206,2017-11-17,113.51,107.91,116.39,106.95,138811,386286480.0,8.32,-4.93,-5.6,4.16
207,2017-11-20,107.91,111.15,112.23,105.27,87596,238921265.0,6.45,3.0,3.24,2.63
208,2017-11-21,110.55,111.59,113.31,109.35,90837,251563221.0,3.56,0.4,0.44,2.72
209,2017-11-22,111.59,112.87,115.95,110.75,116853,328827824.0,4.66,1.15,1.28,3.5
210,2017-11-23,112.11,108.07,114.27,107.75,94033,260171412.0,5.78,-4.25,-4.8,2.82
211,2017-11-24,107.43,108.87,110.07,106.55,67518,182682479.0,3.26,0.74,0.8,2.03
212,2017-11-27,107.99,102.39,110.15,99.47,86272,228138233.0,9.81,-5.95,-6.48,2.59
213,2017-11-28,103.07,105.31,105.31,99.79,93400,238555166.0,5.39,2.85,2.92,2.8
214,2017-11-29,104.71,104.51,105.79,102.99,71581,185620305.0,2.66,-0.76,-0.8,2.15
215,2017-11-30,103.03,101.67,105.31,101.35,78353,200915587.0,3.79,-2.72,-2.84,2.35
216,2017-12-01,101.75,102.83,103.35,100.51,58346,148885121.0,2.79,1.14,1.16,1.75
217,2017-12-04,103.75,100.95,105.55,100.35,69968,178380973.0,5.06,-1.83,-1.88,2.1
218,2017-12-05,99.59,93.95,101.31,92.67,108042,258772273.0,8.56,-6.93,-7.0,3.24
219,2017-12-06,94.47,96.15,96.23,93.91,71989,170455997.0,2.47,2.34,2.2,2.16
220,2017-12-07,96.95,95.71,97.47,95.31,55290,132579191.0,2.25,-0.46,-0.44,1.66
221,2017-12-08,95.99,97.35,98.55,95.47,68992,166968590.0,3.22,1.71,1.64,2.07
222,2017-12-11,97.35,98.63,99.83,96.67,66074,161796197.0,3.25,1.31,1.28,1.98
223,2017-12-12,99.19,99.27,103.55,98.67,141800,356599008.0,4.95,0.65,0.64,4.25
224,2017-12-13,98.47,99.43,100.11,97.35,68433,167567950.0,2.78,0.16,0.16,2.05
225,2017-12-14,99.03,99.47,100.23,98.15,56350,138984294.0,2.09,0.04,0.04,1.69
226,2017-12-15,99.47,97.03,99.47,96.63,55229,133983323.0,2.86,-2.45,-2.44,1.66
227,2017-12-18,96.87,102.35,106.67,96.75,135509,345347632.0,10.22,5.48,5.32,4.06
228,2017-12-19,101.95,103.07,104.51,101.55,88827,227435471.0,2.89,0.7,0.72,2.66
229,2017-12-20,102.91,101.55,103.43,100.87,61863,156928313.0,2.48,-1.47,-1.52,1.86
230,2017-12-21,101.67,100.87,102.07,98.23,64151,160085190.0,3.78,-0.67,-0.68,1.92
231,2017-12-22,100.75,102.87,105.99,100.35,91685,236532672.0,5.59,1.98,2.0,2.75
232,2017-12-25,102.15,103.19,104.51,100.95,72968,187014479.0,3.46,0.31,0.32,2.19
233,2017-12-26,102.95,103.63,104.47,101.27,63837,163462535.0,3.1,0.43,0.44,1.91
234,2017-12-27,103.27,105.51,107.63,103.27,130627,344166080.0,4.21,1.81,1.88,3.92
235,2017-12-28,105.59,106.47,107.27,104.71,94849,249708997.0,2.43,0.91,0.96,2.84
236,2017-12-29,106.79,105.71,106.79,104.91,52546,137916372.0,1.77,-0.71,-0.76,1.58
237,2018-01-02,105.99,105.91,106.11,103.79,62536,163391000.0,2.19,0.19,0.2,1.88
238,2018-01-03,105.63,106.39,108.27,104.99,111350,296426064.0,3.1,0.45,0.48,3.34
239,2018-01-04,105.23,105.59,107.63,104.67,87848,230877346.0,2.78,-0.75,-0.8,2.63
240,2018-01-05,105.35,103.39,106.71,102.59,80102,208022348.0,3.9,-2.08,-2.2,2.4
241,2018-01-08,103.47,102.79,103.87,100.87,62018,157794362.0,2.9,-0.58,-0.6,1.86
242,2018-01-09,103.35,100.79,104.27,100.23,72069,182893663.0,3.93,-1.95,-2.0,2.16
243,2018-01-10,100.39,103.39,103.47,97.95,133975,336981616.0,5.48,2.58,2.6,4.02
244,2018-01-11,103.27,101.87,103.27,100.55,71766,181852843.0,2.63,-1.47,-1.52,2.15
245,2018-01-12,101.23,99.51,101.79,99.15,64744,161098870.0,2.59,-2.32,-2.36,1.94
246,2018-01-15,98.55,93.75,98.99,93.15,95122,225699671.0,5.87,-5.79,-5.76,2.85
247,2018-01-16,93.75,93.43,94.99,90.91,93848,216509322.0,4.35,-0.34,-0.32,2.81
248,2018-01-17,93.11,93.99,94.63,89.75,77535,177707043.0,5.22,0.6,0.56,2.33
249,2018-01-18,93.67,93.35,94.91,93.19,45722,106677189.0,1.83,-0.68,-0.64,1.37
250,2018-01-19,93.31,91.99,94.07,91.63,50871,117149037.0,2.61,-1.46,-1.36,1.53
251,2018-01-22,91.75,94.47,94.55,89.95,73156,169255281.0,5.0,2.7,2.48,2.19
252,2018-01-23,94.15,96.83,97.19,93.95,99393,236773324.0,3.43,2.5,2.36,2.98
253,2018-01-24,96.35,97.15,98.35,95.43,86640,208661531.0,3.02,0.33,0.32,2.6
254,2018-01-25,96.67,95.55,98.75,95.51,89053,215418952.0,3.34,-1.65,-1.6,2.67
255,2018-01-26,94.75,93.91,96.23,93.83,51969,122463174.0,2.51,-1.72,-1.64,1.56
256,2018-01-29,93.47,93.43,94.79,92.99,48864,113675282.0,1.92,-0.51,-0.48,1.47
257,2018-01-30,93.87,95.67,96.83,93.87,75432,179730054.0,3.17,2.4,2.24,2.26
258,2018-01-31,94.67,91.79,95.63,91.71,70019,161633566.0,4.1,-4.06,-3.88,2.1
259,2018-02-01,92.43,88.87,93.91,88.63,61667,139295077.0,5.75,-3.18,-2.92,1.85
260,2018-02-02,88.87,89.43,90.47,85.75,40844,90289334.0,5.31,0.63,0.56,1.23
261,2018-02-05,87.03,86.95,88.55,86.79,37539,81737853.0,1.97,-2.77,-2.48,1.13
262,2018-02-06,84.55,79.47,86.39,79.15,90544,185085441.0,8.33,-8.6,-7.48,2.72
263,2018-02-07,81.79,80.55,83.03,77.95,55791,112028838.0,6.39,1.36,1.08,1.67
264,2018-02-08,80.71,83.47,84.35,80.55,60587,124497564.0,4.72,3.63,2.92,1.82
265,2018-02-09,81.35,83.99,85.67,80.55,92795,192985520.0,6.13,0.62,0.52,2.78
266,2018-02-12,85.71,92.35,92.35,85.71,113491,254577742.0,7.91,9.95,8.36,3.4
267,2018-02-13,95.35,92.23,96.63,92.23,164317,385365472.0,4.76,-0.13,-0.12,4.93
268,2018-02-14,93.75,94.91,95.15,90.95,99812,231138435.0,4.55,2.91,2.68,2.99
269,2018-02-22,95.31,96.99,101.55,94.19,170737,417131648.0,7.75,2.19,2.08,5.12
270,2018-02-23,96.23,97.79,98.87,94.79,121257,291623760.0,4.21,0.82,0.8,3.64
271,2018-02-26,98.55,98.75,99.79,96.07,139865,340513168.0,3.8,0.98,0.96,4.19
272,2018-02-27,96.55,96.75,98.55,96.15,87193,210863030.0,2.43,-2.03,-2.0,2.62
273,2018-02-28,96.47,100.95,102.55,95.75,177355,441190896.0,7.03,4.34,4.2,5.32
274,2018-03-01,98.67,104.15,104.91,98.07,217747,550397712.0,6.78,3.17,3.2,6.53
275,2018-03-02,102.51,102.23,106.79,102.19,156206,406342656.0,4.42,-1.84,-1.92,4.69
276,2018-03-12,105.35,112.39,112.39,104.55,269949,746040256.0,7.67,9.94,10.16,8.1
277,2018-03-13,117.19,114.75,118.31,113.87,318594,919829776.0,3.95,2.1,2.36,9.56
278,2018-03-14,113.63,112.95,117.19,112.59,219227,628212896.0,4.01,-1.57,-1.8,6.58
279,2018-03-15,112.39,113.91,113.99,108.55,152377,421301792.0,4.82,0.85,0.96,4.57
280,2018-03-16,113.59,110.91,115.07,110.83,119405,335672928.0,3.72,-2.63,-3.0,3.58
281,2018-03-19,112.83,114.27,114.87,111.79,131981,372086960.0,2.78,3.03,3.36,3.96
282,2018-03-20,112.39,112.63,113.87,110.95,90768,253752015.0,2.56,-1.44,-1.64,2.72
283,2018-03-21,112.79,108.87,115.39,108.55,119646,333736272.0,6.07,-3.34,-3.76,3.59
284,2018-03-22,107.79,106.63,110.03,105.55,96403,258646178.0,4.12,-2.06,-2.24,2.89
285,2018-03-23,101.75,96.03,102.75,96.03,188396,464169392.0,6.3,-9.94,-10.6,5.65
286,2018-03-26,94.47,101.39,101.59,94.47,127988,313475360.0,7.41,5.58,5.36,3.84
287,2018-03-27,103.79,109.07,110.95,103.75,165551,442336464.0,7.1,7.57,7.68,4.97
288,2018-03-28,106.55,109.87,110.75,106.19,154208,419505696.0,4.18,0.73,0.8,4.63
289,2018-03-29,109.79,108.67,111.83,107.55,104669,284436624.0,3.9,-1.09,-1.2,3.14
290,2018-03-30,108.99,113.27,113.27,108.15,151289,419365904.0,4.71,4.23,4.6,4.54
291,2018-04-02,114.95,111.83,115.75,111.35,131289,368835344.0,3.88,-1.27,-1.44,3.92
292,2018-04-03,108.55,108.35,110.59,106.51,122441,329592304.0,3.65,-3.11,-3.48,3.65
293,2018-04-04,109.67,105.83,110.47,105.67,74092,198697496.0,4.43,-2.33,-2.52,2.21
294,2018-04-09,104.83,107.19,107.91,103.75,72045,190293603.0,3.93,1.29,1.36,2.15
295,2018-04-10,108.35,111.19,111.35,107.75,129338,353628880.0,3.36,3.73,4.0,3.86
296,2018-04-11,111.07,110.15,113.51,109.55,114559,316976640.0,3.56,-0.94,-1.04,3.42
297,2018-04-12,110.99,107.95,112.31,107.83,85370,233904801.0,4.07,-2.0,-2.2,2.55
298,2018-04-13,108.71,107.99,110.63,105.99,72640,195859225.0,4.3,0.04,0.04,2.17
299,2018-04-16,106.99,107.03,108.95,104.99,66735,177919596.0,3.67,-0.89,-0.96,1.99
300,2018-04-17,107.71,103.35,109.19,100.99,103742,269849104.0,7.66,-3.44,-3.68,3.09
301,2018-04-18,104.07,105.99,106.47,101.35,97917,253314192.0,4.95,2.55,2.64,2.92
302,2018-04-19,105.55,104.63,106.87,104.35,84875,222615945.0,2.38,-1.28,-1.36,2.53
303,2018-04-20,104.55,100.47,105.19,100.39,84841,216318771.0,4.59,-3.98,-4.16,2.53
304,2018-04-23,100.07,98.15,101.15,95.67,75675,185203848.0,5.45,-2.31,-2.32,2.26
305,2018-04-24,98.55,104.07,104.15,97.19,77685,195765696.0,7.09,6.03,5.92,2.32
306,2018-04-25,103.67,102.27,104.15,101.75,56082,143222090.0,2.31,-1.73,-1.8,1.67
307,2018-04-26,102.15,98.55,102.87,98.35,52259,130408766.0,4.42,-3.64,-3.72,1.56
308,2018-04-27,98.91,99.83,100.87,98.67,40996,101820381.0,2.23,1.3,1.28,1.22
309,2018-05-02,99.87,99.79,101.99,98.95,39572,98468236.0,3.05,-0.04,-0.04,1.18
310,2018-05-03,99.75,103.51,103.67,99.39,76082,192273328.0,4.29,3.73,3.72,2.27
311,2018-05-04,103.15,103.11,104.75,102.27,54451,140181694.0,2.4,-0.39,-0.4,1.62
312,2018-05-07,104.31,113.35,113.35,103.79,158495,434758416.0,9.27,9.93,10.24,4.73
313,2018-05-08,117.47,115.23,118.55,114.75,308492,893849936.0,3.35,1.66,1.88,9.2
314,2018-05-09,114.99,117.43,118.55,113.79,216942,628999264.0,4.13,1.91,2.2,6.47
315,2018-05-10,117.67,117.47,121.47,115.87,208460,616262384.0,4.77,0.03,0.04,6.22
316,2018-05-11,118.95,122.55,126.75,118.95,295784,903701760.0,6.64,4.32,5.08,8.82
317,2018-05-14,124.51,125.35,132.11,123.03,267940,848475504.0,7.41,2.28,2.8,7.99
318,2018-05-15,125.79,128.15,128.27,122.63,188950,590884800.0,4.5,2.23,2.8,5.64
319,2018-05-16,126.35,124.87,130.51,124.47,188629,599124272.0,4.71,-2.56,-3.28,5.63
320,2018-05-17,124.91,127.79,129.87,124.91,155911,494808384.0,3.97,2.34,2.92,4.65
321,2018-05-18,127.79,129.23,131.67,123.79,161154,516989744.0,6.17,1.13,1.44,4.81
322,2018-05-21,129.67,129.95,130.47,125.03,148344,473818416.0,4.21,0.56,0.72,4.43
323,2018-05-22,128.95,128.11,129.07,125.83,96407,305537600.0,2.49,-1.42,-1.84,2.88
324,2018-05-23,126.83,124.79,129.31,124.59,100117,314875760.0,3.68,-2.59,-3.32,2.99
325,2018-05-24,124.63,126.35,128.95,122.55,148113,466795024.0,5.13,1.25,1.56,4.42
326,2018-05-25,126.67,120.35,126.67,118.19,171750,519104080.0,6.71,-4.75,-6.0,5.12
327,2018-05-28,122.35,122.43,125.15,121.15,119826,367286064.0,3.32,1.73,2.08,3.57
328,2018-05-29,125.35,125.99,129.31,123.59,137351,430809296.0,4.67,2.91,3.56,4.1
329,2018-05-30,122.19,121.75,125.75,118.23,147030,442982256.0,5.97,-3.37,-4.24,4.39
330,2018-05-31,123.79,121.95,125.63,120.51,103516,314635584.0,4.21,0.16,0.2,3.09
331,2018-06-01,122.83,117.67,122.91,116.51,103390,306414368.0,5.25,-3.51,-4.28,3.08
332,2018-06-04,118.19,109.27,118.19,106.59,193897,534271568.0,9.86,-7.14,-8.4,5.78
333,2018-06-05,110.99,120.11,120.11,109.47,174887,502275648.0,9.74,9.92,10.84,5.22
334,2018-06-06,120.11,124.87,128.11,119.99,177313,547925856.0,6.76,3.96,4.76,5.29
335,2018-06-07,127.35,125.07,128.95,124.35,135243,426301552.0,3.68,0.16,0.2,4.03
336,2018-06-08,127.35,126.59,129.27,124.27,126732,399931424.0,4.0,1.22,1.52,3.78
337,2018-06-11,126.99,127.79,131.19,124.51,130087,412457936.0,5.28,0.95,1.2,3.88
338,2018-06-12,128.19,125.11,128.31,121.39,125155,386871936.0,5.42,-2.1,-2.68,3.73
339,2018-06-13,124.51,124.11,128.07,123.15,74451,231652930.0,3.93,-0.8,-1.0,2.22
340,2018-06-14,124.07,124.83,126.95,121.47,86230,266932518.0,4.42,0.58,0.72,2.57
341,2018-06-15,123.99,120.07,124.75,119.71,97270,293337728.0,4.04,-3.81,-4.76,2.9
342,2018-06-19,116.63,114.63,122.75,111.03,118207,341391648.0,9.76,-4.53,-5.44,3.53
343,2018-06-20,114.91,121.55,123.39,113.11,126836,374162208.0,8.97,6.04,6.92,3.78
344,2018-06-21,120.63,116.55,122.99,115.39,113717,335983360.0,6.25,-4.11,-5.0,3.39
345,2018-06-22,114.75,128.11,128.11,114.39,171651,531846016.0,11.77,9.92,11.56,5.12
346,2018-06-25,132.99,133.75,135.87,130.99,283200,938922304.0,3.81,4.4,5.64,8.45
347,2018-06-26,132.02,137.07,137.39,132.02,255143,853350752.0,4.01,2.48,3.32,7.61
348,2018-06-27,136.19,134.43,137.07,132.51,152802,510847808.0,3.33,-1.93,-2.64,4.56
349,2018-06-28,134.35,130.55,136.79,127.55,206321,672237632.0,6.87,-2.89,-3.88,6.15
350,2018-06-29,130.55,137.23,139.19,129.43,205955,686243632.0,7.48,5.12,6.68,6.14
351,2018-07-02,135.79,133.75,136.55,133.43,131407,439121760.0,2.27,-2.54,-3.48,3.94
352,2018-07-03,132.95,132.19,134.51,123.51,179027,577430208.0,8.22,-1.17,-1.56,5.37
353,2018-07-04,130.15,123.19,130.19,119.87,155239,481579008.0,7.81,-6.81,-9.0,4.66
354,2018-07-05,123.79,124.91,130.35,121.99,147691,464160064.0,6.79,1.4,1.72,4.43
355,2018-07-06,124.63,122.63,130.02,121.79,160170,499407728.0,6.59,-1.83,-2.28,4.8
356,2018-07-09,122.87,122.99,124.43,116.59,181218,540298736.0,6.39,0.29,0.36,5.44
357,2018-07-10,122.95,127.03,128.47,122.15,148761,463756704.0,5.14,3.28,4.04,4.46
358,2018-07-11,124.11,129.79,132.19,122.43,169090,538954352.0,7.68,2.17,2.76,5.07
359,2018-07-12,127.39,132.35,134.11,127.39,164717,535878400.0,5.18,1.97,2.56,4.94
360,2018-07-13,131.95,130.46,134.79,129.43,132704,432322848.0,4.05,-1.43,-1.89,3.98
361,2018-07-16,129.83,126.83,131.38,123.71,133813,420675648.0,5.88,-2.78,-3.63,4.01
362,2018-07-17,126.91,139.43,139.43,125.79,261715,868625760.0,10.75,9.93,12.6,7.85
363,2018-07-18,138.59,134.03,138.59,133.19,234259,791031216.0,3.87,-3.87,-5.4,7.03
364,2018-07-19,132.31,133.23,134.87,130.59,135323,444440976.0,3.19,-0.6,-0.8,4.06
365,2018-07-20,133.15,135.19,136.87,131.19,176173,588139856.0,4.26,1.47,1.96,5.28
366,2018-07-23,132.99,136.67,140.07,132.59,169382,574696336.0,5.53,1.09,1.48,5.08
367,2018-07-24,136.39,135.83,137.47,132.99,140666,473357600.0,3.28,-0.61,-0.84,4.22
368,2018-07-25,134.99,131.71,138.11,131.19,134326,447960880.0,5.09,-3.03,-4.12,4.03
369,2018-07-26,131.35,129.79,132.51,126.51,126211,403587456.0,4.56,-1.46,-1.92,3.79
370,2018-07-27,129.15,128.75,130.95,128.59,63108,203131318.0,1.82,-0.8,-1.04,1.89
371,2018-07-30,128.75,129.63,130.99,127.35,82834,265947030.0,2.83,0.68,0.88,2.48
372,2018-07-31,130.31,127.23,130.38,125.27,83168,262552428.0,3.94,-1.85,-2.4,2.49
373,2018-08-01,128.19,124.23,129.19,123.63,127444,401044096.0,4.37,-2.36,-3.0,3.82
374,2018-08-02,123.55,118.99,123.55,115.07,145470,429247200.0,6.83,-4.22,-5.24,4.36
375,2018-08-03,119.23,111.51,120.15,111.51,125175,357941712.0,7.26,-6.29,-7.48,3.75
376,2018-08-06,110.51,104.43,111.39,102.59,147403,389968800.0,7.89,-6.35,-7.08,4.42
377,2018-08-07,104.99,107.19,107.47,103.03,120131,314665232.0,4.25,2.64,2.76,3.6
378,2018-08-08,106.59,105.03,107.59,103.91,99632,259939340.0,3.43,-2.02,-2.16,2.99
379,2018-08-09,105.23,108.99,110.59,105.03,113222,304472128.0,5.29,3.77,3.96,3.4
380,2018-08-10,107.87,109.99,111.19,107.87,93635,255317568.0,3.05,0.92,1.0,2.81
381,2018-08-13,107.87,110.87,111.95,107.19,87246,236705971.0,4.33,0.8,0.88,2.62
382,2018-08-14,110.19,107.55,111.39,107.23,72174,194431513.0,3.75,-2.99,-3.32,2.16
383,2018-08-15,107.71,104.95,109.47,104.95,73896,195546540.0,4.2,-2.42,-2.6,2.22
384,2018-08-16,101.23,97.11,101.99,96.31,182060,445466448.0,5.41,-7.47,-7.84,5.46
385,2018-08-17,98.47,94.27,99.31,93.55,132246,315274208.0,5.93,-2.92,-2.84,3.97
386,2018-08-20,94.31,96.95,97.03,94.27,86133,204445613.0,2.93,2.84,2.68,2.58
387,2018-08-21,96.71,97.83,99.15,95.71,86047,208040519.0,3.55,0.91,0.88,2.58
388,2018-08-22,98.15,91.75,98.79,90.71,146384,338946960.0,8.26,-6.21,-6.08,4.39
389,2018-08-23,92.19,100.83,100.83,91.83,163451,390898240.0,9.81,9.9,9.08,4.9
390,2018-08-24,100.99,98.79,100.99,97.51,123639,302629312.0,3.45,-2.02,-2.04,3.71
391,2018-08-27,99.43,99.91,101.31,97.95,120746,298067968.0,3.4,1.13,1.12,3.62
392,2018-08-28,100.59,100.71,102.39,98.39,119775,297974352.0,4.0,0.8,0.8,3.59
393,2018-08-29,100.19,97.39,100.19,96.19,105463,254739976.0,3.97,-3.3,-3.32,3.16
394,2018-08-30,98.11,98.03,101.79,97.71,129585,319358272.0,4.19,0.66,0.64,3.89
395,2018-08-31,98.51,95.27,98.51,94.35,89918,212796508.0,4.24,-2.82,-2.76,2.7
396,2018-09-03,94.39,96.79,96.83,93.19,75786,178222101.0,3.82,1.6,1.52,2.27
397,2018-09-04,95.91,96.15,96.83,94.23,78765,186538908.0,2.69,-0.66,-0.64,2.36
398,2018-09-05,95.95,92.67,96.03,92.55,82524,191688626.0,3.62,-3.62,-3.48,2.48
399,2018-09-06,91.79,92.23,93.79,90.71,89089,202752408.0,3.32,-0.47,-0.44,2.67
400,2018-09-07,92.67,91.39,94.07,90.39,69381,158577258.0,3.99,-0.91,-0.84,2.08
401,2018-09-10,91.39,87.47,91.79,87.39,74605,164008733.0,4.81,-4.29,-3.92,2.24
402,2018-09-11,88.59,88.91,89.59,87.03,57797,126227323.0,2.93,1.65,1.44,1.73
403,2018-09-12,89.75,92.59,95.59,89.07,139585,321308848.0,7.33,4.14,3.68,4.19
404,2018-09-13,94.27,94.59,96.55,93.79,152905,359672848.0,2.98,2.16,2.0,4.59
405,2018-09-14,96.11,95.67,101.95,95.31,161620,394211904.0,7.02,1.14,1.08,4.85
406,2018-09-17,95.47,96.47,97.47,91.43,96632,226728514.0,6.31,0.84,0.8,2.73
407,2018-09-18,94.31,99.27,99.27,93.83,107491,258406547.0,5.64,2.9,2.8,3.04
408,2018-09-19,98.11,99.91,101.95,98.11,137005,340057728.0,3.87,0.64,0.64,3.87
409,2018-09-20,99.03,101.51,103.39,98.67,114013,288218672.0,4.72,1.6,1.6,3.22
410,2018-09-21,102.39,103.43,106.55,100.03,119432,304884928.0,6.42,1.89,1.92,3.38
411,2018-09-25,100.99,101.23,102.95,100.51,69602,175046374.0,2.36,-2.13,-2.2,1.97
412,2018-09-26,102.15,102.23,104.51,101.27,81902,208100669.0,3.2,0.99,1.0,2.31
413,2018-09-27,101.47,101.19,102.79,100.11,76489,192000164.0,2.62,-1.02,-1.04,2.16
414,2018-09-28,101.15,102.15,102.91,100.39,68197,171895786.0,2.49,0.95,0.96,1.93
415,2018-10-08,99.19,96.79,100.75,94.99,85793,207060850.0,5.64,-5.25,-5.36,2.42
416,2018-10-09,97.23,92.51,97.95,89.67,123987,286245568.0,8.55,-4.42,-4.28,3.5
417,2018-10-10,92.79,92.15,93.67,90.35,88114,201170062.0,3.59,-0.39,-0.36,2.49
418,2018-10-11,87.63,83.79,90.75,83.03,129239,276765136.0,8.38,-9.07,-8.36,3.65
419,2018-10-12,83.79,86.59,86.91,80.71,107895,224428931.0,7.4,3.34,2.8,3.05
420,2018-10-15,87.71,86.63,90.39,86.51,100893,220648333.0,4.48,0.05,0.04,2.85
421,2018-10-16,86.31,85.59,88.07,84.27,61655,131467766.0,4.39,-1.2,-1.04,1.74
422,2018-10-17,87.31,85.59,88.51,81.19,131513,274690608.0,8.55,0.0,0.0,3.72
423,2018-10-18,84.47,83.07,85.71,81.79,84934,176181731.0,4.58,-2.94,-2.52,2.4
424,2018-10-19,81.11,85.87,86.43,80.91,116556,243188070.0,6.64,3.37,2.8,3.29
425,2018-10-22,86.39,90.03,91.55,86.39,127918,284213472.0,6.01,4.84,4.16,3.62
426,2018-10-23,90.39,87.19,90.39,87.03,102594,224091686.0,3.73,-3.15,-2.84,2.9
427,2018-10-24,87.39,92.19,95.15,87.19,183479,416563312.0,9.13,5.73,5.0,5.19
428,2018-10-25,90.79,95.19,95.19,89.59,201573,463280992.0,6.07,3.25,3.0,5.7
429,2018-10-26,95.19,92.99,95.63,91.83,119070,275737136.0,3.99,-2.31,-2.2,3.37
430,2018-10-29,91.75,90.63,92.83,89.23,78909,177200261.0,3.87,-2.54,-2.36,2.23
431,2018-10-30,90.43,93.67,94.43,89.03,121264,276778640.0,5.96,3.35,3.04,3.43
432,2018-10-31,92.99,93.03,94.31,91.43,105403,242892884.0,3.07,-0.68,-0.64,2.98
433,2018-11-01,93.39,93.83,94.95,92.35,126126,292542592.0,2.79,0.86,0.8,3.56
434,2018-11-02,96.59,96.59,98.19,93.83,184070,435445120.0,4.65,2.94,2.76,5.2
435,2018-11-05,95.91,100.99,102.11,95.03,198750,490886688.0,7.33,4.56,4.4,5.62
436,2018-11-06,99.67,100.43,101.43,97.63,99924,246064789.0,3.76,-0.55,-0.56,2.82
437,2018-11-07,101.59,98.83,104.11,98.63,137046,345158656.0,5.46,-1.59,-1.6,3.87
438,2018-11-08,100.19,98.75,102.59,97.79,90122,223435182.0,4.86,-0.08,-0.08,2.55
439,2018-11-09,97.79,100.51,101.39,97.79,82787,205489895.0,3.65,1.78,1.76,2.34
440,2018-11-12,99.59,103.15,103.55,99.59,106797,270687712.0,3.94,2.63,2.64,3.02
441,2018-11-13,102.03,102.91,104.11,101.39,92647,236214289.0,2.64,-0.23,-0.24,2.62
442,2018-11-14,102.79,99.99,102.99,99.91,78721,197541531.0,2.99,-2.84,-2.92,2.22
443,2018-11-15,99.79,101.11,102.07,99.71,60751,151858861.0,2.36,1.12,1.12,1.72
444,2018-11-16,101.75,102.39,103.99,101.27,95369,242684604.0,2.69,1.27,1.28,2.7
445,2018-11-19,102.55,101.23,102.59,99.39,74730,185906547.0,3.13,-1.13,-1.16,2.11
446,2018-11-20,100.55,97.31,100.55,97.31,88507,216250883.0,3.2,-3.87,-3.92,2.5
447,2018-11-21,95.35,96.99,98.39,94.99,61189,146976883.0,3.49,-0.33,-0.32,1.73
448,2018-11-22,97.75,97.87,98.31,96.51,41472,100121123.0,1.86,0.91,0.88,1.17
449,2018-11-23,98.43,95.35,98.79,93.47,70900,167658434.0,5.44,-2.57,-2.52,2.0
450,2018-11-26,94.67,95.63,96.43,94.11,41700,98294998.0,2.43,0.29,0.28,1.18
451,2018-11-27,95.83,101.51,102.55,95.83,141636,351458048.0,7.03,6.15,5.88,4.0
452,2018-11-28,102.15,109.23,110.99,102.11,252819,669837952.0,8.75,7.61,7.72,7.15
453,2018-11-29,109.87,110.47,114.99,109.27,197295,547825952.0,5.24,1.14,1.24,5.58
454,2018-11-30,112.23,111.99,114.91,109.63,132039,367917152.0,4.78,1.38,1.52,3.73
455,2018-12-03,114.59,113.59,118.79,112.99,145175,415462176.0,5.18,1.43,1.6,4.1
456,2018-12-04,114.19,115.39,116.51,111.35,120913,340516864.0,4.54,1.58,1.8,3.42
457,2018-12-05,113.43,116.99,119.31,113.07,141876,409458096.0,5.41,1.39,1.6,4.01
458,2018-12-06,116.15,115.75,119.15,115.07,95978,277847040.0,3.49,-1.06,-1.24,2.71
459,2018-12-07,116.63,116.55,119.43,113.79,87511,253039000.0,4.87,0.69,0.8,2.47
460,2018-12-10,115.99,115.55,118.55,114.99,83521,241475297.0,3.05,-0.86,-1.0,2.36
461,2018-12-11,115.51,116.99,118.39,115.11,67257,194918069.0,2.84,1.25,1.44,1.9
462,2018-12-12,117.51,120.19,121.79,117.51,101447,301765872.0,3.66,2.74,3.2,2.87
463,2018-12-13,120.55,119.35,120.67,116.51,90900,267252192.0,3.46,-0.7,-0.84,2.57
464,2018-12-14,118.59,114.43,118.95,114.27,88960,256777003.0,3.92,-4.12,-4.92,2.51
465,2018-12-17,114.39,115.19,116.51,113.27,87749,249824251.0,2.83,0.66,0.76,2.48
466,2018-12-18,115.19,114.11,116.15,112.19,76319,215398036.0,3.44,-0.94,-1.08,2.16
467,2018-12-19,114.79,112.83,115.91,111.91,60402,169995049.0,3.51,-1.12,-1.28,1.71
468,2018-12-20,112.87,113.47,115.19,110.63,76619,214604585.0,4.04,0.57,0.64,2.17
469,2018-12-21,112.19,112.91,113.87,109.95,62163,172106530.0,3.45,-0.49,-0.56,1.76
470,2018-12-24,112.87,113.39,113.51,111.19,55351,154149910.0,2.05,0.43,0.48,1.56
471,2018-12-25,111.03,112.19,112.99,107.75,93527,254343300.0,4.62,-1.06,-1.2,2.64
472,2018-12-26,112.19,110.95,112.95,108.51,68723,188343388.0,3.96,-1.11,-1.24,1.94
473,2018-12-27,112.39,111.39,112.59,107.47,68155,186079407.0,4.61,0.4,0.44,1.93
474,2018-12-28,109.07,111.75,111.75,107.79,85379,232635437.0,3.56,0.32,0.36,2.41
475,2019-01-02,110.99,110.79,113.19,110.39,51210,141535239.0,2.51,-0.86,-0.96,1.45
476,2019-01-03,110.03,106.99,110.59,105.47,68431,182332743.0,4.62,-3.43,-3.8,1.93
477,2019-01-04,105.79,112.15,112.19,103.83,87618,236303334.0,7.81,4.82,5.16,2.48
478,2019-01-07,112.91,111.31,112.99,109.07,108533,296788912.0,3.5,-0.75,-0.84,3.07
479,2019-01-08,111.11,114.83,117.79,111.11,165124,471130096.0,6.0,3.16,3.52,4.67
480,2019-01-09,112.19,109.39,113.07,106.95,182322,495234288.0,5.33,-4.74,-5.44,5.15
481,2019-01-10,108.99,108.83,110.23,108.19,60284,163268527.0,1.86,-0.51,-0.56,1.7
482,2019-01-11,108.83,108.79,109.79,107.63,43534,117249730.0,1.98,-0.04,-0.04,1.23
483,2019-01-14,108.23,109.11,110.03,107.91,52559,141876072.0,1.95,0.29,0.32,1.49
484,2019-01-15,108.87,110.39,110.51,107.03,73292,197514677.0,3.19,1.17,1.28,2.07
485,2019-01-16,109.79,108.51,111.03,107.99,50748,137447056.0,2.75,-1.7,-1.88,1.43
486,2019-01-17,110.15,108.59,110.15,108.23,41891,113176983.0,1.77,0.07,0.08,1.18
487,2019-01-18,109.39,108.19,109.39,107.19,54142,145221398.0,2.03,-0.37,-0.4,1.53
488,2019-01-21,108.19,109.07,109.99,107.71,51693,139413229.0,2.11,0.81,0.88,1.46
489,2019-01-22,109.99,111.39,114.11,109.39,114656,318686928.0,4.33,2.13,2.32,3.24
490,2019-01-23,110.99,116.11,116.47,110.71,115652,329054832.0,5.17,4.24,4.72,3.27
491,2019-01-24,115.71,115.15,120.59,113.99,145392,420191488.0,5.68,-0.83,-0.96,4.11
492,2019-01-25,114.07,115.83,117.79,114.07,110699,318540240.0,3.23,0.59,0.68,3.13
493,2019-01-28,116.75,116.43,117.47,115.03,52606,151540195.0,2.11,0.52,0.6,1.49
494,2019-01-29,116.19,113.39,116.35,111.39,62453,175899210.0,4.26,-2.61,-3.04,1.77
495,2019-01-30,114.39,108.59,114.39,108.23,87469,239383711.0,5.43,-4.23,-4.8,2.47
496,2019-01-31,108.99,108.59,110.47,107.71,54665,147649413.0,2.54,0.0,0.0,1.54
497,2019-02-01,109.59,115.79,115.95,109.35,93370,261555178.0,6.08,6.63,7.2,2.64
498,2019-02-11,115.99,118.19,118.75,115.07,83165,241914842.0,3.18,2.07,2.4,2.35
499,2019-02-12,118.27,118.23,119.19,116.83,68707,200968494.0,2.0,0.03,0.04,1.94
500,2019-02-13,119.39,119.11,120.31,117.43,95186,280952784.0,2.44,0.74,0.88,2.69
501,2019-02-14,118.59,123.83,126.67,118.19,148870,456101104.0,7.12,3.96,4.72,4.21
502,2019-02-15,123.03,119.79,123.39,119.71,107226,322586288.0,2.97,-3.26,-4.04,3.03
503,2019-02-18,120.19,122.95,123.51,118.31,100645,301909136.0,4.34,2.64,3.16,2.84
504,2019-02-19,123.19,119.75,123.79,117.83,121816,363521456.0,4.85,-2.6,-3.2,3.44
505,2019-02-20,118.99,118.59,122.19,117.71,81316,241558047.0,3.74,-0.97,-1.16,2.3
506,2019-02-21,118.59,117.75,120.31,115.95,126633,371169936.0,3.68,-0.71,-0.84,3.58
507,2019-02-22,116.99,117.75,117.87,114.83,153387,441774320.0,2.58,0.0,0.0,4.34
508,2019-02-25,118.59,127.47,128.79,117.91,254115,780483440.0,9.24,8.25,9.72,7.18
509,2019-02-26,125.79,126.23,133.35,125.71,204124,650728560.0,5.99,-0.97,-1.24,5.77
510,2019-02-27,126.23,122.59,127.79,120.91,157916,486192256.0,5.45,-2.88,-3.64,4.46
511,2019-02-28,123.39,124.63,126.11,123.39,121128,374975696.0,2.22,1.66,2.04,3.42
512,2019-03-01,126.23,129.66,130.79,123.79,163785,516452832.0,5.62,4.04,5.03,4.63
513,2019-03-04,130.59,128.79,132.51,127.27,223138,715508064.0,4.04,-0.67,-0.87,6.31
514,2019-03-05,126.79,127.71,127.87,124.51,199572,623172016.0,2.61,-0.84,-1.08,5.64
515,2019-03-06,127.03,126.35,128.87,124.51,173289,541230656.0,3.41,-1.06,-1.36,4.9
516,2019-03-07,127.31,124.39,127.31,123.39,155718,483384496.0,3.1,-1.55,-1.96,4.4
517,2019-03-08,122.27,120.19,125.91,119.87,153732,467386240.0,4.86,-3.38,-4.2,4.34
518,2019-03-11,119.63,126.19,126.19,119.63,162632,500779664.0,5.46,4.99,6.0,4.6
519,2019-03-12,127.95,125.47,128.91,123.95,174872,547444544.0,3.93,-0.57,-0.72,4.94
520,2019-03-13,124.55,123.35,124.99,121.39,114824,351264960.0,2.87,-1.69,-2.12,3.25
521,2019-03-14,122.75,125.43,128.03,121.83,159055,494067760.0,5.03,1.69,2.08,4.5
522,2019-03-15,126.11,123.19,126.99,121.71,112127,343769760.0,4.21,-1.79,-2.24,3.17
523,2019-03-18,122.39,123.75,124.35,121.83,93414,284952592.0,2.05,0.45,0.56,2.64
524,2019-03-19,124.75,123.39,124.95,122.39,84877,259769941.0,2.07,-0.29,-0.36,2.4
525,2019-03-20,123.19,120.19,123.79,119.39,101212,303656608.0,3.57,-2.59,-3.2,2.86
526,2019-03-21,120.95,120.35,122.39,119.31,88204,263921256.0,2.56,0.13,0.16,2.49
527,2019-03-22,120.75,121.47,121.63,118.99,74501,222727789.0,2.19,0.93,1.12,2.11
528,2019-03-25,123.43,124.39,127.87,122.19,179850,559872352.0,4.68,2.4,2.92,5.08
529,2019-03-26,123.31,118.07,124.31,117.71,118497,353086656.0,5.31,-5.08,-6.32,3.35
530,2019-03-27,120.19,112.99,121.23,112.23,160227,456749792.0,7.62,-4.3,-5.08,4.53
531,2019-03-28,110.99,109.23,112.03,108.19,137283,374540672.0,3.4,-3.33,-3.76,3.88
532,2019-03-29,109.47,111.19,111.27,108.03,143746,390169568.0,2.97,1.79,1.96,4.06
533,2019-04-01,111.23,114.35,114.87,110.59,202096,565090448.0,3.85,2.84,3.16,5.71
534,2019-04-02,113.95,112.83,115.11,112.23,148895,417151456.0,2.52,-1.33,-1.52,4.21
535,2019-04-03,112.55,110.99,112.55,110.71,127376,351318048.0,1.63,-1.63,-1.84,3.6
536,2019-04-04,111.19,112.47,114.15,110.79,146275,407726592.0,3.03,1.33,1.48,4.13
537,2019-04-08,112.51,113.55,115.31,110.51,153681,431295088.0,4.27,0.96,1.08,4.34
538,2019-04-09,113.23,111.15,113.35,110.55,102341,282120912.0,2.47,-2.11,-2.4,2.89
539,2019-04-10,111.79,113.83,114.95,110.55,204806,571264912.0,3.96,2.41,2.68,5.79
540,2019-04-11,114.75,111.51,114.75,111.11,100750,280904688.0,3.2,-2.04,-2.32,2.85
541,2019-04-12,111.39,109.95,112.27,109.35,79685,218425294.0,2.62,-1.4,-1.56,2.25
542,2019-04-15,110.87,107.19,111.55,106.99,98171,266482761.0,4.15,-2.51,-2.76,2.77
543,2019-04-16,107.23,108.87,109.35,107.23,82078,220280061.0,1.98,1.57,1.68,2.32
544,2019-04-17,110.19,113.03,114.39,110.19,226183,633642512.0,3.86,3.82,4.16,5.32
545,2019-04-18,113.99,111.75,113.99,111.07,88294,245329690.0,2.58,-1.13,-1.28,2.08
546,2019-04-19,111.43,110.99,111.91,109.15,82982,226910110.0,2.47,-0.68,-0.76,1.95
547,2019-04-22,111.03,109.43,111.43,108.79,72923,197979905.0,2.38,-1.41,-1.56,1.72
548,2019-04-23,109.43,107.63,109.59,106.99,71781,191440340.0,2.38,-1.64,-1.8,1.69
549,2019-04-24,108.19,108.79,108.83,105.03,66791,177610338.0,3.53,1.08,1.16,1.57
550,2019-04-25,108.15,105.11,108.15,105.11,66621,175686682.0,2.79,-3.38,-3.68,1.57
551,2019-04-26,105.11,103.87,105.71,102.51,68261,175948911.0,3.04,-1.18,-1.24,1.61
552,2019-04-29,103.71,100.71,104.95,100.39,70614,177818089.0,4.39,-3.04,-3.16,1.66
553,2019-04-30,101.31,100.55,101.83,99.07,53365,133047977.0,2.74,-0.16,-0.16,1.26
554,2019-05-06,96.99,93.47,98.79,93.03,93647,222087974.0,5.73,-7.04,-7.08,2.2
555,2019-05-07,94.43,94.11,95.75,93.67,63411,148425425.0,2.23,0.68,0.64,1.49
556,2019-05-08,92.11,92.91,94.87,91.47,59132,136594656.0,3.61,-1.28,-1.2,1.39
557,2019-05-09,92.55,94.03,94.95,91.71,48733,113089615.0,3.49,1.21,1.12,1.15
558,2019-05-10,94.55,96.47,96.79,93.11,90194,213610320.0,3.91,2.59,2.44,2.12
559,2019-05-13,95.99,94.55,95.99,93.55,45920,107650997.0,2.53,-1.99,-1.92,1.08
560,2019-05-14,93.19,94.23,94.87,92.19,45824,106731647.0,2.83,-0.34,-0.32,1.08
561,2019-05-15,95.23,94.91,95.51,93.03,63182,148257101.0,2.63,0.72,0.68,1.49
562,2019-05-16,94.95,95.55,96.47,94.91,64952,153967947.0,1.64,0.67,0.64,1.53
563,2019-05-17,95.91,92.51,96.19,92.19,58647,136399914.0,4.19,-3.18,-3.04,1.38
564,2019-05-20,91.91,91.99,92.15,89.19,54408,121996906.0,3.2,-0.56,-0.52,1.28
565,2019-05-21,91.99,94.59,95.59,91.91,63799,148863138.0,4.0,2.83,2.6,1.5
566,2019-05-22,95.07,93.27,95.47,92.83,47930,111643922.0,2.79,-1.4,-1.32,1.13
567,2019-05-23,93.11,90.87,93.63,90.71,55551,125883107.0,3.13,-2.57,-2.4,1.31
568,2019-05-24,90.67,90.99,92.15,89.27,36135,81345605.0,3.17,0.13,0.12,0.85
569,2019-05-27,91.39,93.27,93.47,90.59,56337,128451934.0,3.17,2.51,2.28,1.33
570,2019-05-28,93.47,92.51,94.71,91.83,63740,147421089.0,3.09,-0.81,-0.76,1.5
571,2019-05-29,92.55,93.55,94.39,92.23,54710,126789199.0,2.33,1.12,1.04,1.29
572,2019-05-30,92.59,96.35,97.47,92.27,123210,292065184.0,5.56,2.99,2.8,2.9
573,2019-05-31,96.35,96.11,96.87,95.31,65062,154445195.0,1.62,-0.25,-0.24,1.53
574,2019-06-03,96.11,92.91,96.43,92.91,64917,151576882.0,3.66,-3.33,-3.2,1.53
575,2019-06-04,92.99,92.19,93.87,91.75,40271,92468835.0,2.28,-0.77,-0.72,0.95
576,2019-06-05,93.59,90.99,94.51,90.75,36236,82841031.0,4.08,-1.3,-1.2,0.85
577,2019-06-06,91.75,89.59,91.75,88.59,51009,113648423.0,3.47,-1.54,-1.4,1.2
578,2019-06-10,90.99,94.03,94.87,90.55,99446,229542676.0,4.82,4.96,4.44,2.34
579,2019-06-11,94.27,95.39,95.79,93.23,106964,251106209.0,2.72,1.45,1.36,2.52
580,2019-06-12,94.79,95.43,97.79,94.59,116079,275410544.0,3.35,0.04,0.04,2.73
581,2019-06-13,94.99,95.43,96.39,94.27,71723,169058687.0,2.22,0.0,0.0,1.69
582,2019-06-14,95.67,95.07,96.19,94.47,72546,170960655.0,1.8,-0.38,-0.36,1.71
583,2019-06-17,94.43,95.15,95.95,94.43,47135,111225511.0,1.6,0.08,0.08,1.11
584,2019-06-18,95.31,97.79,97.95,95.19,78898,188964470.0,2.9,2.77,2.64,1.86
585,2019-06-19,100.19,97.07,100.83,97.07,98383,240882336.0,3.84,-0.74,-0.72,2.32
586,2019-06-20,96.39,98.63,98.83,96.39,79575,193083244.0,2.51,1.61,1.56,1.87
587,2019-06-21,100.35,99.99,100.91,99.23,86709,213567341.0,1.7,1.38,1.36,2.04
588,2019-06-24,99.55,98.43,100.39,98.27,51452,125440922.0,2.12,-1.56,-1.56,1.21
589,2019-06-25,99.67,96.67,99.79,95.75,54752,130653997.0,4.1,-1.79,-1.76,1.29
590,2019-06-26,96.59,97.07,98.67,94.39,53588,128001038.0,4.43,0.41,0.4,1.26
591,2019-06-27,97.15,96.11,97.75,95.87,63734,151379588.0,1.94,-0.99,-0.96,1.5
592,2019-06-28,96.07,93.43,96.47,92.63,72233,166865452.0,4.0,-2.79,-2.68,1.7
593,2019-07-01,95.83,97.87,98.03,93.63,104230,247455573.0,4.71,4.75,4.44,2.45
594,2019-07-02,98.51,101.39,102.63,98.51,162754,405284976.0,4.21,3.6,3.52,3.83
595,2019-07-03,100.83,101.43,103.07,100.43,106307,265601780.0,2.6,0.04,0.04,2.5
596,2019-07-04,102.03,102.07,103.95,100.79,125747,317644672.0,3.12,0.63,0.64,2.96
597,2019-07-05,101.91,102.91,103.47,100.67,100075,251680348.0,2.74,0.82,0.84,2.36
598,2019-07-08,102.79,98.99,102.95,98.59,79742,196407682.0,4.24,-3.81,-3.92,1.88
599,2019-07-09,99.79,104.83,106.03,98.99,160640,408352880.0,7.11,5.9,5.84,3.78
600,2019-07-10,105.07,101.91,105.07,101.19,117649,297940128.0,3.7,-2.79,-2.92,2.77
601,2019-07-11,102.51,101.47,103.63,100.87,69199,174183591.0,2.71,-0.43,-0.44,1.63
602,2019-07-12,100.95,101.95,103.83,100.95,76235,192805365.0,2.84,0.47,0.48,1.79
603,2019-07-15,101.35,103.51,104.35,99.07,90170,226561628.0,5.18,1.53,1.56,2.12
604,2019-07-16,103.51,102.91,103.55,101.51,60349,152397432.0,1.97,-0.58,-0.6,1.42
605,2019-07-17,103.51,102.99,104.63,101.95,75712,192492323.0,2.6,0.08,0.08,1.78
606,2019-07-18,102.15,102.03,104.19,100.71,64765,163437730.0,3.38,-0.93,-0.96,1.52
607,2019-07-19,102.23,105.35,105.35,101.59,119372,305461136.0,3.69,3.25,3.32,2.81
608,2019-07-22,104.75,100.91,104.75,99.55,118990,297562688.0,4.94,-4.21,-4.44,2.8
609,2019-07-23,100.59,100.95,101.51,98.91,70728,174580105.0,2.58,0.04,0.04,1.67
610,2019-07-24,100.75,101.35,102.15,100.35,68982,172318986.0,1.78,0.4,0.4,1.62
611,2019-07-25,101.03,100.27,101.83,100.15,51025,126954447.0,1.66,-1.07,-1.08,1.2
612,2019-07-26,99.55,97.95,99.95,97.87,83766,202984678.0,2.07,-2.31,-2.32,1.97
613,2019-07-29,98.15,98.35,98.91,97.15,47176,113715515.0,1.8,0.41,0.4,1.11
614,2019-07-30,98.35,99.35,99.83,97.87,51430,125607333.0,1.99,1.02,1.0,1.21
615,2019-07-31,98.95,97.59,99.15,97.59,42933,103495515.0,1.57,-1.77,-1.76,1.01
616,2019-08-01,95.51,98.15,99.51,95.35,77117,185371862.0,4.26,0.57,0.56,1.82
617,2019-08-02,95.55,96.19,97.55,95.39,55356,131158839.0,2.2,-2.0,-1.96,1.3
618,2019-08-05,95.63,93.87,96.75,93.55,60417,141441244.0,3.33,-2.41,-2.32,1.42
619,2019-08-06,91.95,90.07,91.95,87.87,104244,230150863.0,4.35,-4.05,-3.8,2.45
620,2019-08-07,91.03,96.27,98.19,91.03,207580,487380368.0,7.95,6.88,6.2,4.89
621,2019-08-08,97.47,94.43,98.59,93.79,137051,322232752.0,4.99,-1.91,-1.84,3.23
622,2019-08-09,94.51,90.83,94.95,90.35,89671,203646173.0,4.87,-3.81,-3.6,2.11
623,2019-08-12,91.63,91.47,91.87,89.35,69374,153746922.0,2.77,0.7,0.64,1.63
624,2019-08-13,90.91,90.19,90.91,89.55,39783,88143157.0,1.49,-1.4,-1.28,0.94
625,2019-08-14,91.59,91.83,93.95,91.59,91683,208906076.0,2.62,1.82,1.64,2.16
626,2019-08-15,89.95,92.99,93.31,89.15,63237,143455697.0,4.53,1.26,1.16,1.49
627,2019-08-16,93.15,92.27,94.11,92.19,60361,138155143.0,2.06,-0.77,-0.72,1.42
628,2019-08-19,92.75,95.67,95.91,92.75,88656,206786979.0,3.42,3.68,3.4,2.09
629,2019-08-20,96.03,95.47,97.15,95.35,70110,166119981.0,1.88,-0.21,-0.2,1.65
630,2019-08-21,95.43,95.55,96.27,94.47,45393,106258062.0,1.89,0.08,0.08,1.07
631,2019-08-22,95.19,95.43,95.63,94.11,49369,115188486.0,1.59,-0.13,-0.12,1.16
632,2019-08-23,95.75,93.83,95.79,93.47,61541,142592423.0,2.43,-1.68,-1.6,1.45
633,2019-08-26,91.95,92.07,93.35,91.55,42959,97419369.0,1.92,-1.88,-1.76,1.01
634,2019-08-27,92.87,93.87,94.55,92.55,51171,117821345.0,2.17,1.96,1.8,1.2
635,2019-08-28,94.35,96.27,96.67,94.35,92097,217120621.0,2.47,2.56,2.4,2.17
636,2019-08-29,95.79,94.79,96.15,94.75,45645,106978757.0,1.45,-1.54,-1.48,1.07
637,2019-08-30,95.47,93.75,96.11,93.75,52268,121546304.0,2.49,-1.1,-1.04,1.23
638,2019-09-02,94.15,97.47,97.51,94.15,94450,224974312.0,3.58,3.97,3.72,2.22
639,2019-09-03,97.11,98.71,100.31,97.07,115305,281052080.0,3.32,1.27,1.24,2.71
640,2019-09-04,99.83,98.95,100.11,98.15,81587,198557922.0,1.99,0.24,0.24,1.92
641,2019-09-05,99.59,98.35,101.07,98.35,129424,317357424.0,2.75,-0.61,-0.6,3.05
642,2019-09-06,98.35,99.11,100.23,98.31,88237,215566311.0,1.95,0.77,0.76,2.08
643,2019-09-09,99.95,108.87,108.87,99.23,272054,703460416.0,9.73,9.85,9.76,6.4
644,2019-09-10,110.55,109.99,112.27,107.75,319899,866275808.0,4.15,1.03,1.12,7.53
645,2019-09-11,110.75,110.55,113.55,110.35,225636,621973264.0,2.91,0.51,0.56,5.31
646,2019-09-12,111.15,110.03,112.35,109.55,129725,353546944.0,2.53,-0.47,-0.52,3.05
647,2019-09-16,109.95,108.31,110.75,107.91,102079,274144976.0,2.58,-1.56,-1.72,2.37
648,2019-09-17,108.71,106.27,108.99,105.07,111049,291711104.0,3.62,-1.88,-2.04,2.58
649,2019-09-18,107.35,103.19,107.35,103.11,110335,284060992.0,3.99,-2.9,-3.08,2.57
650,2019-09-19,104.11,104.75,105.95,102.95,148577,382496256.0,2.91,1.51,1.56,3.45
651,2019-09-20,105.59,103.47,105.59,101.95,100805,257115900.0,3.47,-1.22,-1.28,2.34
652,2019-09-23,103.75,101.99,103.75,100.99,80139,200860058.0,2.67,-1.43,-1.48,1.86
653,2019-09-24,102.39,104.47,106.15,101.35,134686,345382176.0,4.71,2.43,2.48,3.13
654,2019-09-25,103.55,107.31,108.87,103.55,201725,529084912.0,5.09,2.72,2.84,4.69
655,2019-09-26,106.95,104.51,108.23,104.51,123745,324392608.0,3.47,-2.61,-2.8,2.88
656,2019-09-27,105.67,104.55,105.75,103.75,65267,168471210.0,1.91,0.04,0.04,1.52
657,2019-09-30,104.91,101.27,104.91,101.27,57985,146627223.0,3.48,-3.14,-3.28,1.35
658,2019-10-08,101.27,101.07,103.23,99.63,57643,144322708.0,3.55,-0.2,-0.2,1.34
659,2019-10-09,100.15,102.51,102.55,100.15,43096,107936019.0,2.37,1.42,1.44,1.0
660,2019-10-10,103.43,102.15,104.51,101.67,76321,192597356.0,2.77,-0.35,-0.36,1.77
661,2019-10-11,102.19,99.11,102.31,99.07,91631,225468602.0,3.17,-2.98,-3.04,2.13
662,2019-10-14,99.75,100.27,100.59,97.55,116598,284242144.0,3.07,1.17,1.16,2.71
663,2019-10-15,99.43,93.35,99.47,90.39,240550,557714240.0,9.06,-6.9,-6.92,5.59
664,2019-10-16,93.35,92.63,94.19,92.35,72838,167009300.0,1.97,-0.77,-0.72,1.69
665,2019-10-17,92.55,91.51,93.23,91.03,77203,174272891.0,2.38,-1.21,-1.12,1.79
666,2019-10-18,91.75,90.51,91.95,89.59,105176,233703530.0,2.58,-1.09,-1.0,2.45
667,2019-10-21,91.07,90.67,91.11,89.95,59095,131426252.0,1.28,0.18,0.16,1.37
668,2019-10-22,90.71,91.35,91.39,90.43,49200,109982670.0,1.06,0.75,0.68,1.14
669,2019-10-23,90.95,90.51,91.83,90.35,43414,97143119.0,1.62,-0.92,-0.84,1.01
670,2019-10-24,90.59,91.07,91.47,90.51,38220,85552427.0,1.06,0.62,0.56,0.89
671,2019-10-25,91.15,91.39,91.47,90.43,37756,84548293.0,1.14,0.35,0.32,0.88
672,2019-10-28,91.15,93.75,93.95,90.67,82687,189074103.0,3.59,2.58,2.36,1.92
673,2019-10-29,93.79,92.71,93.79,92.35,57558,131638817.0,1.54,-1.11,-1.04,1.34
674,2019-10-30,92.79,92.95,93.67,92.23,42133,96458985.0,1.55,0.26,0.24,0.98
675,2019-10-31,92.91,92.11,93.55,91.31,38706,88076026.0,2.41,-0.9,-0.84,0.9
676,2019-11-01,91.91,92.11,92.91,90.75,43334,98065649.0,2.35,0.0,0.0,1.01
677,2019-11-04,91.79,91.11,92.35,90.91,59870,134586982.0,1.56,-1.09,-1.0,1.39
678,2019-11-05,91.51,94.99,96.67,89.11,184276,423015216.0,8.3,4.26,3.88,4.28
679,2019-11-06,94.95,98.75,102.03,94.79,233948,567809968.0,7.62,3.96,3.76,5.44
680,2019-11-07,93.55,92.83,94.51,90.75,227676,518759456.0,3.81,-5.99,-5.92,5.29
681,2019-11-08,85.63,86.67,88.75,85.63,260229,557545664.0,3.36,-6.64,-6.16,6.05
682,2019-11-11,86.67,83.55,86.67,83.55,116149,241273079.0,3.6,-3.6,-3.12,2.7
683,2019-11-12,83.23,83.95,84.59,81.99,68630,140135629.0,3.11,0.48,0.4,1.6
684,2019-11-13,83.55,81.43,83.99,81.27,90726,182674420.0,3.24,-3.0,-2.52,2.11
685,2019-11-14,81.43,79.15,81.55,77.07,181484,350587456.0,5.5,-2.8,-2.28,4.22
686,2019-11-15,78.95,75.63,78.95,75.59,114033,216051622.0,4.25,-4.45,-3.52,2.65
687,2019-11-18,76.35,79.43,79.71,76.07,109999,210965536.0,4.81,5.02,3.8,2.56
688,2019-11-19,80.03,83.15,84.71,79.15,173517,351542432.0,7.0,4.68,3.72,4.03
689,2019-11-20,83.55,82.19,84.75,81.95,104168,212450429.0,3.37,-1.15,-0.96,2.42
690,2019-11-21,82.47,80.91,82.99,80.67,76506,153178952.0,2.82,-1.56,-1.28,1.78
691,2019-11-22,82.99,82.35,85.39,81.95,142203,292447280.0,4.25,1.78,1.44,3.31
692,2019-11-25,82.31,82.55,83.07,81.11,62281,125290411.0,2.38,0.24,0.2,1.45
693,2019-11-26,82.35,85.71,86.19,81.19,171931,356825248.0,6.06,3.83,3.16,4.0
694,2019-11-27,85.55,87.03,88.27,84.67,160947,342880688.0,4.2,1.54,1.32,3.74
695,2019-11-28,86.87,86.99,88.43,86.11,112160,240930086.0,2.67,-0.05,-0.04,2.61
696,2019-11-29,86.63,87.95,88.83,86.11,93368,201422412.0,3.13,1.1,0.96,2.17
697,2019-12-02,87.67,86.83,88.55,86.03,82593,176306574.0,2.87,-1.27,-1.12,1.92
698,2019-12-03,86.23,86.71,87.43,85.19,70528,149899577.0,2.58,-0.14,-0.12,1.64
699,2019-12-04,86.27,87.83,90.43,85.79,127363,276810304.0,5.35,1.29,1.12,2.96
700,2019-12-05,87.63,90.35,91.87,86.91,140610,309013312.0,5.65,2.87,2.52,3.27
701,2019-12-06,90.43,89.75,90.83,89.43,68898,152154626.0,1.55,-0.66,-0.6,1.6
702,2019-12-09,89.27,89.83,90.03,88.95,65337,143482816.0,1.2,0.09,0.08,1.52
703,2019-12-10,89.55,86.87,89.55,84.75,146764,312009200.0,5.34,-3.3,-2.96,3.41
704,2019-12-11,85.99,85.67,87.03,84.63,83756,176303349.0,2.76,-1.38,-1.2,1.95
705,2019-12-12,85.59,85.47,86.35,84.79,50228,105476182.0,1.82,-0.23,-0.2,1.17
706,2019-12-13,86.11,87.03,87.27,84.91,106167,225042620.0,2.76,1.83,1.56,2.47
707,2019-12-16,87.59,89.11,89.47,86.75,109536,238581361.0,3.13,2.39,2.08,2.55
708,2019-12-17,89.55,94.47,97.87,89.55,259052,604358800.0,9.34,6.02,5.36,6.02
709,2019-12-18,94.15,93.31,95.35,93.27,139091,321829968.0,2.2,-1.23,-1.16,3.23
710,2019-12-19,93.79,94.59,95.99,92.07,140658,325026720.0,4.2,1.37,1.28,3.27
711,2019-12-20,95.15,93.87,96.75,93.63,100661,234933929.0,3.3,-0.76,-0.72,2.34
712,2019-12-23,94.99,92.19,95.39,92.07,89835,207363712.0,3.54,-1.79,-1.68,2.09
713,2019-12-24,92.59,101.27,101.27,92.59,325058,788076864.0,9.42,9.85,9.08,7.56
714,2019-12-25,108.75,111.23,111.23,107.11,557677,1508891328.0,4.07,9.84,9.96,12.97
715,2019-12-26,112.15,112.95,113.07,109.23,546977,1500089648.0,3.45,1.55,1.72,12.72
716,2019-12-27,111.75,109.67,112.95,109.03,404289,1105329184.0,3.47,-2.9,-3.28,9.4
717,2019-12-30,110.03,112.31,113.99,109.15,406967,1121706352.0,4.41,2.41,2.64,9.46
718,2019-12-31,110.11,110.75,113.07,108.79,211197,576960704.0,3.81,-1.39,-1.56,4.91
719,2020-01-02,111.31,113.75,115.87,109.55,320232,885779440.0,5.71,2.71,3.0,7.44
720,2020-01-03,112.75,113.31,115.83,110.75,269574,752042064.0,4.47,-0.39,-0.44,6.27
721,2020-01-06,113.35,116.75,121.23,113.35,406015,1175580416.0,6.95,3.04,3.44,9.44
722,2020-01-07,115.19,118.51,119.51,114.35,273639,789918192.0,4.42,1.51,1.76,6.36
723,2020-01-08,116.59,119.47,123.87,116.55,333280,995618000.0,6.18,0.81,0.96,7.75
724,2020-01-09,121.67,127.31,128.83,119.87,351595,1081377808.0,7.5,6.56,7.84,8.17
725,2020-01-10,125.91,123.47,125.95,121.15,279307,850498368.0,3.77,-3.02,-3.84,6.49
726,2020-01-13,123.59,124.15,127.03,122.27,192234,591108800.0,3.86,0.55,0.68,4.47
727,2020-01-14,125.35,122.35,127.83,121.75,240118,744369520.0,4.9,-1.45,-1.8,5.58
728,2020-01-15,120.47,118.27,120.75,115.47,247301,719283504.0,4.32,-3.33,-4.08,5.75
729,2020-01-16,118.51,118.07,119.63,116.99,140475,410087600.0,2.23,-0.17,-0.2,3.27
730,2020-01-17,118.43,116.79,119.39,116.79,122735,356516672.0,2.2,-1.08,-1.28,2.85
731,2020-01-20,117.15,118.67,120.55,117.03,171338,501749568.0,3.01,1.61,1.88,3.98
732,2020-01-21,118.67,117.35,118.67,116.39,117007,339282880.0,1.92,-1.11,-1.32,2.72
733,2020-01-22,115.87,121.87,123.75,115.55,217065,645559120.0,6.99,3.85,4.52,5.05
734,2020-01-23,122.75,128.59,133.91,122.75,496654,1593391328.0,9.16,5.51,6.72,11.55
735,2020-02-03,118.87,120.55,129.31,116.03,362937,1095334752.0,10.33,-6.25,-8.04,8.44
736,2020-02-04,127.95,132.47,132.47,122.43,373505,1203949200.0,8.33,9.89,11.92,8.68
737,2020-02-05,139.03,138.75,145.55,134.67,553755,1932083520.0,8.21,4.74,6.28,12.87
738,2020-02-06,133.55,151.47,152.47,131.58,492385,1745397232.0,15.06,9.17,12.72,11.45
739,2020-02-07,147.63,144.71,150.31,142.03,299942,1078138464.0,5.47,-4.46,-6.76,6.97
740,2020-02-10,142.35,149.95,151.47,140.75,294650,1071631072.0,7.41,3.62,5.24,6.85
741,2020-02-11,150.03,141.83,150.03,141.15,247810,882934832.0,5.92,-5.42,-8.12,5.76
742,2020-02-12,138.75,144.91,148.15,138.59,236862,851091584.0,6.74,2.17,3.08,5.51
743,2020-02-13,144.15,142.43,149.15,141.59,213877,767574896.0,5.22,-1.71,-2.48,4.97
744,2020-02-14,144.19,137.99,145.79,134.35,302297,1044274608.0,8.03,-3.12,-4.44,7.03
745,2020-02-17,137.51,140.91,141.03,136.35,199243,685324752.0,3.39,2.12,2.92,4.63
746,2020-02-18,140.15,141.27,144.99,137.35,227595,792237120.0,5.42,0.26,0.36,5.29
747,2020-02-19,135.55,129.15,139.35,127.31,589739,1904379968.0,8.52,-8.58,-12.12,13.71
748,2020-02-20,129.79,132.55,133.79,128.15,316991,1033215344.0,4.37,2.63,3.4,7.37
749,2020-02-21,134.67,135.31,136.99,130.66,249941,829600096.0,4.78,2.08,2.76,5.81
750,2020-02-24,133.55,134.19,136.75,130.55,251692,832556768.0,4.58,-0.83,-1.12,5.85
751,2020-02-25,132.43,134.87,137.95,124.63,380090,1243056400.0,9.93,0.51,0.68,8.84
752,2020-02-26,131.58,121.95,131.94,121.95,298915,929929360.0,7.41,-9.58,-12.92,6.95
753,2020-02-27,123.39,120.99,123.95,118.99,140292,421110704.0,4.07,-0.79,-0.96,3.26
754,2020-02-28,114.67,111.11,118.99,110.83,236051,665943712.0,6.74,-8.17,-9.88,5.49
755,2020-03-02,111.03,113.15,114.31,109.35,183907,509579520.0,4.46,1.84,2.04,4.28
756,2020-03-03,117.55,117.15,122.35,115.95,235151,690389968.0,5.66,3.54,4.0,5.47
757,2020-03-04,117.39,115.59,119.07,113.87,152524,437442464.0,4.44,-1.33,-1.56,3.55
758,2020-03-05,116.75,118.51,118.51,115.87,137746,399244176.0,2.28,2.53,2.92,3.2
759,2020-03-06,116.43,117.67,120.31,115.95,114767,335411232.0,3.68,-0.71,-0.84,2.67
760,2020-03-09,117.43,113.15,117.51,112.95,110967,314055840.0,3.88,-3.84,-4.52,2.58
761,2020-03-10,113.15,117.95,118.07,110.55,111287,315884416.0,6.65,4.24,4.8,2.59
762,2020-03-11,118.83,117.63,122.19,115.67,132312,386310496.0,5.53,-0.27,-0.32,3.08
763,2020-03-12,114.75,112.07,116.71,111.07,93091,259822048.0,4.79,-4.73,-5.56,2.16
764,2020-03-13,105.55,107.11,109.95,103.99,180122,474238080.0,5.32,-4.43,-4.96,4.19
765,2020-03-16,105.59,98.83,107.87,97.95,178767,451826128.0,9.26,-7.73,-8.28,4.16
766,2020-03-17,100.47,97.55,101.35,94.35,147301,351962512.0,7.08,-1.3,-1.28,3.42
767,2020-03-18,98.67,95.87,100.95,95.07,123976,301313056.0,6.03,-1.72,-1.68,2.88
768,2020-03-19,97.35,95.15,97.91,92.47,133245,309702304.0,5.67,-0.75,-0.72,3.1
769,2020-03-20,97.59,95.15,97.95,92.51,110703,257954465.0,5.72,0.0,0.0,2.57
770,2020-03-23,92.75,86.99,92.79,86.75,151652,331820784.0,6.35,-8.58,-8.16,3.53
771,2020-03-24,89.55,89.51,90.87,86.59,111602,243703392.0,4.92,2.9,2.52,2.59
772,2020-03-25,92.35,93.35,94.35,91.27,144392,330806848.0,3.44,4.29,3.84,3.36
773,2020-03-26,93.51,91.67,93.91,91.43,92570,210913060.0,2.66,-1.8,-1.68,2.15
774,2020-03-27,92.87,89.99,93.51,89.87,81095,182720193.0,3.97,-1.83,-1.68,1.89
775,2020-03-30,88.43,88.11,90.71,85.03,97970,210995729.0,6.31,-2.09,-1.88,2.28
776,2020-03-31,89.55,89.23,90.47,88.71,74499,164086212.0,2.0,1.27,1.12,1.73
777,2020-04-01,90.55,95.23,97.99,90.55,237493,557911952.0,8.34,6.72,6.0,5.52
778,2020-04-02,93.55,96.43,96.43,93.19,151110,353560592.0,3.4,1.26,1.2,3.51
779,2020-04-03,96.15,93.75,97.27,93.07,104929,245499993.0,4.36,-2.78,-2.68,2.44
780,2020-04-07,96.11,98.31,98.51,95.63,133822,321136576.0,3.07,4.86,4.56,3.11
781,2020-04-08,97.51,97.99,99.55,96.91,90813,218765127.0,2.69,-0.33,-0.32,2.11
782,2020-04-09,98.71,96.79,98.99,95.87,82515,196911188.0,3.18,-1.22,-1.2,1.92
783,2020-04-10,96.99,94.91,97.63,93.15,89964,211186432.0,4.63,-1.94,-1.88,2.09
784,2020-04-13,94.43,93.91,94.91,92.47,47838,110322922.0,2.57,-1.05,-1.0,1.11
785,2020-04-14,95.15,98.27,98.79,94.75,121797,292846240.0,4.3,4.64,4.36,2.83
786,2020-04-15,98.75,97.35,101.63,96.99,139072,340748912.0,4.72,-0.94,-0.92,3.23
787,2020-04-16,97.55,98.71,98.99,96.43,92650,223136525.0,2.63,1.4,1.36,2.15
788,2020-04-17,99.55,100.75,103.55,99.55,167212,417056528.0,4.05,2.07,2.04,3.89
789,2020-04-20,100.75,100.19,101.47,98.99,76636,188631202.0,2.46,-0.56,-0.56,1.78
790,2020-04-21,98.23,97.47,99.03,95.15,107046,255098396.0,3.87,-2.71,-2.72,2.49
791,2020-04-22,95.59,97.47,97.47,95.27,67170,159396099.0,2.26,0.0,0.0,1.56
792,2020-04-23,97.43,95.87,98.91,95.67,80503,191481139.0,3.32,-1.64,-1.6,1.87
793,2020-04-24,95.55,94.07,97.47,93.55,75310,177536713.0,4.09,-1.88,-1.8,1.75
794,2020-04-27,94.03,95.51,96.07,92.35,48859,113684530.0,3.95,1.53,1.44,1.14
795,2020-04-28,96.99,95.47,97.35,92.39,75094,175436163.0,5.19,-0.04,-0.04,1.75
796,2020-04-29,93.51,91.95,94.59,91.59,71654,163579101.0,3.14,-3.69,-3.52,1.67
797,2020-04-30,93.15,98.27,99.55,93.15,163220,392683520.0,6.96,6.87,6.32,3.79
798,2020-05-06,98.11,102.19,102.39,96.95,152475,377641696.0,5.54,3.99,3.92,3.54
799,2020-05-07,102.75,101.43,103.83,99.55,123073,309539904.0,4.19,-0.74,-0.76,2.86
800,2020-05-08,102.07,102.07,103.71,100.47,110165,276766576.0,3.19,0.63,0.64,2.56
801,2020-05-11,103.55,100.67,103.55,99.55,88694,221053899.0,3.92,-1.37,-1.4,2.06
802,2020-05-12,100.51,100.11,101.31,98.35,58818,144375725.0,2.94,-0.56,-0.56,1.37
803,2020-05-13,99.95,100.51,102.07,98.95,74941,185535457.0,3.12,0.4,0.4,1.74
804,2020-05-14,99.35,98.15,99.71,97.95,73315,177782713.0,1.75,-2.35,-2.36,1.7
805,2020-05-15,98.79,100.27,100.43,96.47,104374,253823717.0,4.03,2.16,2.12,2.43
806,2020-05-18,98.91,94.63,99.51,94.15,113576,268723184.0,5.35,-5.62,-5.64,2.64
807,2020-05-19,95.95,96.03,96.55,94.79,56637,133519392.0,1.86,1.48,1.4,1.32
808,2020-05-20,99.59,105.47,105.47,99.59,220287,568415904.0,6.12,9.83,9.44,5.12
809,2020-05-21,107.19,104.71,109.79,103.55,362353,956475680.0,5.92,-0.72,-0.76,8.42
810,2020-05-22,104.19,98.27,106.23,97.15,211653,528883968.0,8.67,-6.15,-6.44,4.92
811,2020-05-25,99.07,95.35,99.59,93.87,145183,344010304.0,5.82,-2.97,-2.92,3.38
812,2020-05-26,95.95,104.75,104.75,95.59,228684,568773952.0,9.61,9.86,9.4,5.32
813,2020-05-27,104.75,112.15,115.07,103.79,396568,1086154800.0,10.77,7.06,7.4,9.22
814,2020-05-28,113.95,110.75,114.15,108.75,201264,549129920.0,4.81,-1.25,-1.4,4.68
815,2020-05-29,111.95,108.67,112.55,107.83,171824,466168160.0,4.26,-1.88,-2.08,3.99
816,2020-06-01,110.95,113.23,114.75,109.35,223511,619214208.0,4.97,4.2,4.56,5.2
817,2020-06-02,115.15,113.23,115.47,111.83,163066,456395984.0,3.21,0.0,0.0,3.79
818,2020-06-03,113.55,112.15,115.55,111.55,151674,424684848.0,3.53,-0.95,-1.08,3.53
819,2020-06-04,113.15,118.35,122.55,112.95,244442,719746992.0,8.56,5.53,6.2,5.68
820,2020-06-05,117.23,116.35,118.71,115.07,122289,351167936.0,3.08,-1.69,-2.0,2.84
821,2020-06-08,116.63,117.59,118.23,115.51,115579,333146032.0,2.34,1.07,1.24,2.69
822,2020-06-09,119.15,120.35,125.03,117.07,207244,619370784.0,6.77,2.35,2.76,4.82
823,2020-06-10,120.27,119.91,122.27,117.91,123552,366232192.0,3.62,-0.37,-0.44,2.87
824,2020-06-11,122.19,120.19,124.11,118.95,183294,548348880.0,4.3,0.23,0.28,4.26
825,2020-06-12,116.75,113.15,116.87,112.87,192780,543846208.0,3.33,-5.86,-7.04,4.48
826,2020-06-15,113.55,117.75,121.55,111.87,220355,640394512.0,8.56,4.07,4.6,5.12
827,2020-06-16,118.83,123.15,124.19,116.07,194538,577620160.0,6.9,4.59,5.4,4.52
828,2020-06-17,122.55,121.75,123.15,120.79,103527,310953936.0,1.92,-1.14,-1.4,2.41
829,2020-06-18,120.55,120.95,122.03,116.67,119737,354041680.0,4.4,-0.66,-0.8,2.78
830,2020-06-19,123.19,132.91,132.91,123.19,273682,882265760.0,8.04,9.89,11.96,6.36
831,2020-06-22,132.91,137.51,141.03,129.58,330805,1116337648.0,8.61,3.46,4.6,7.69
832,2020-06-23,138.23,135.55,138.63,134.35,133327,448157248.0,3.11,-1.43,-1.96,3.1
833,2020-06-24,135.55,134.27,137.15,133.15,107841,358716720.0,2.95,-0.94,-1.28,2.51
834,2020-06-29,133.95,131.79,134.71,129.91,119668,389871968.0,3.57,-1.85,-2.48,2.78
835,2020-06-30,132.75,133.83,136.75,131.87,139558,462805344.0,3.7,1.55,2.04,3.24
836,2020-07-01,135.99,134.27,143.35,132.75,177286,608539808.0,7.92,0.33,0.44,4.12
837,2020-07-02,135.15,133.15,139.11,131.19,146985,488954368.0,5.9,-0.83,-1.12,3.41
838,2020-07-03,133.55,137.11,139.75,132.15,188323,632210048.0,5.71,2.97,3.96,4.37
839,2020-07-06,137.15,140.67,141.95,135.23,187084,644647120.0,4.9,2.6,3.56,4.35
840,2020-07-07,143.07,144.39,152.31,142.95,257858,942709664.0,6.65,2.64,3.72,5.99
841,2020-07-08,141.55,142.63,143.47,138.39,196747,686331136.0,3.52,-1.22,-1.76,4.57
842,2020-07-09,140.83,142.87,143.67,138.43,189915,662551952.0,3.67,0.17,0.24,4.41
843,2020-07-10,140.99,137.99,144.27,137.59,157321,544287232.0,4.68,-3.42,-4.88,3.65
844,2020-07-13,137.95,144.43,145.39,137.95,198003,695060560.0,5.39,4.67,6.44,4.6
845,2020-07-14,141.63,136.11,143.19,134.15,235467,799851408.0,6.26,-5.76,-8.32,5.47
846,2020-07-15,134.39,135.55,138.43,128.83,213334,704443584.0,7.05,-0.41,-0.56,4.96
847,2020-07-16,134.23,124.91,134.39,124.35,144925,465616816.0,7.41,-7.85,-10.64,3.37
848,2020-07-17,125.47,127.87,129.47,123.91,124385,389232320.0,4.45,2.37,2.96,2.89
849,2020-07-20,131.11,131.91,131.99,128.11,93098,299801152.0,3.03,3.16,4.04,2.16
850,2020-07-21,133.15,134.91,139.07,133.15,126050,425116576.0,4.49,2.27,3.0,2.93
851,2020-07-22,134.51,136.59,138.67,133.63,93428,315741376.0,3.74,1.25,1.68,2.17
852,2020-07-23,136.71,138.51,140.67,134.87,148172,504554784.0,4.25,1.41,1.92,3.44
853,2020-07-24,137.35,127.07,137.55,125.15,132566,430231728.0,8.95,-8.26,-11.44,3.08
854,2020-07-27,126.23,126.75,130.15,123.87,91105,286251024.0,4.94,-0.25,-0.32,2.12
855,2020-07-28,128.59,133.07,138.75,128.59,132462,439997024.0,8.02,4.99,6.32,3.08
856,2020-07-29,133.55,141.95,143.15,131.15,201979,695094624.0,9.02,6.67,8.88,4.69
857,2020-07-30,145.07,139.99,145.19,138.87,131504,457766608.0,4.45,-1.38,-1.96,3.05
858,2020-07-31,140.03,140.87,142.35,136.55,119241,411975776.0,4.14,0.63,0.88,2.77
859,2020-08-03,142.79,144.79,146.15,141.55,148201,528241056.0,3.27,2.78,3.92,3.44
860,2020-08-04,144.75,151.55,155.35,143.95,239015,889194736.0,7.87,4.67,6.76,5.55
861,2020-08-05,148.39,154.23,154.75,145.47,162849,600100976.0,6.12,1.77,2.68,3.78
862,2020-08-06,153.15,165.35,169.35,152.79,246226,990964832.0,10.74,7.21,11.12,5.72
863,2020-08-07,165.55,175.55,180.63,165.35,245828,1064091120.0,9.24,6.17,10.2,5.71
864,2020-08-10,171.75,166.67,176.67,165.55,189151,792748624.0,6.33,-5.06,-8.88,4.39
865,2020-08-11,166.87,161.35,170.83,161.11,172390,703704640.0,5.83,-3.19,-5.32,4.0
866,2020-08-12,160.75,160.67,165.63,155.07,150798,593505264.0,6.54,-0.42,-0.68,3.5
867,2020-08-13,161.19,165.11,167.39,160.39,146936,596684480.0,4.36,2.76,4.44,3.41
868,2020-08-14,163.15,163.55,165.91,160.83,94085,379832976.0,3.08,-0.94,-1.56,2.19
869,2020-08-17,166.55,158.95,166.75,153.83,167387,655310096.0,7.9,-2.81,-4.6,3.89
870,2020-08-18,160.99,160.39,169.55,159.19,133877,543739264.0,6.52,0.91,1.44,3.11
871,2020-08-19,160.39,156.71,162.35,153.95,97430,383017136.0,5.24,-2.29,-3.68,2.26
872,2020-08-20,156.71,156.63,159.47,153.23,93572,361468576.0,3.98,-0.05,-0.08,2.17
873,2020-08-21,158.75,158.59,159.23,155.27,96487,375879856.0,2.53,1.25,1.96,2.24
874,2020-08-24,159.55,158.71,160.99,151.19,120932,471438665.0,6.18,0.08,0.12,2.81
875,2020-08-25,158.99,163.67,170.87,156.75,192737,781679408.0,8.9,3.13,4.96,4.48
876,2020-08-26,164.67,153.63,164.67,151.55,169327,654912864.0,8.02,-6.13,-10.04,3.93
877,2020-08-27,155.43,152.87,158.75,150.95,97971,373058880.0,5.08,-0.49,-0.76,2.28
878,2020-09-11,135.95,146.75,151.23,131.55,183941,653653198.0,12.87,-4.0,-6.12,4.27
879,2020-09-14,147.43,152.87,162.55,147.43,194349,750087326.0,10.3,4.17,6.12,4.51
880,2020-09-15,155.95,155.75,157.27,149.87,115065,437794213.0,4.84,1.88,2.88,2.64
881,2020-09-16,155.15,158.19,161.27,151.79,121677,476795136.0,6.09,1.57,2.44,2.79
882,2020-09-17,158.55,172.27,175.15,158.35,212363,882057184.0,10.62,8.9,14.08,4.88
883,2020-09-18,170.79,171.15,174.35,168.63,137487,582485920.0,3.32,-0.65,-1.12,3.16
884,2020-09-21,175.75,174.15,181.87,171.87,213490,933454288.0,5.84,1.75,3.0,4.9
885,2020-09-22,171.35,169.55,174.31,167.95,151867,643029056.0,3.65,-2.64,-4.6,3.49
886,2020-09-23,169.59,165.35,169.59,160.19,146451,596848039.0,5.54,-2.48,-4.2,3.36
887,2020-09-24,165.55,162.03,169.07,161.39,104567,425802432.0,4.64,-2.01,-3.32,2.4
888,2020-09-25,164.75,162.39,166.75,161.67,80077,324825888.0,3.14,0.22,0.36,1.84
889,2020-09-28,163.23,166.47,169.15,162.55,88231,363860736.0,4.06,2.51,4.08,2.03
890,2020-09-29,169.71,178.35,181.07,169.27,176417,771235156.0,7.09,7.14,11.88,4.05
891,2020-09-30,178.35,181.55,182.59,174.35,132825,591556296.0,4.62,1.79,3.2,3.05
892,2020-10-09,189.55,217.55,217.55,189.55,336746,1754482688.0,15.42,19.83,36.0,7.73
893,2020-10-12,226.67,221.67,227.55,215.75,447540,2468343878.0,5.42,1.89,4.12,10.27
894,2020-10-13,219.95,223.95,223.95,212.87,314919,1715537816.0,5.0,1.03,2.28,7.23
895,2020-10-14,221.27,223.55,225.15,217.59,213360,1174990048.0,3.38,-0.18,-0.4,4.9
896,2020-10-15,229.55,215.87,231.83,210.15,269756,1463103984.0,9.7,-3.44,-7.68,6.19
897,2020-10-16,213.43,207.43,219.15,202.59,204083,1055383856.0,7.67,-3.91,-8.44,4.69
898,2020-10-19,211.47,207.11,211.95,204.15,138871,716559024.0,3.76,-0.15,-0.32,3.19
899,2020-10-20,206.35,211.55,212.63,204.35,153038,792230320.0,4.0,2.14,4.44,3.51
900,2020-10-21,211.55,199.95,212.59,199.95,179747,906308272.0,5.97,-5.48,-11.6,4.13
901,2020-10-22,201.35,200.27,203.11,195.75,105689,523455328.0,3.68,0.16,0.32,2.43
902,2020-10-23,200.63,194.91,203.55,192.71,109595,537261136.0,5.41,-2.68,-5.36,2.52
903,2020-10-26,193.15,197.71,199.55,188.15,115947,565730544.0,5.85,1.44,2.8,2.66
904,2020-10-27,197.27,203.95,204.83,196.75,134411,672784992.0,4.09,3.16,6.24,3.09
905,2020-10-28,203.99,211.75,215.63,200.31,215803,1113457536.0,7.51,3.82,7.8,4.95
906,2020-10-29,206.75,208.07,213.95,201.59,164180,851124848.0,5.84,-1.74,-3.68,3.77
907,2020-10-30,208.35,204.75,214.35,200.83,188188,972932528.0,6.5,-1.6,-3.32,4.32
908,2020-11-02,201.59,209.55,210.55,193.59,167329,851796640.0,8.28,2.34,4.8,3.84
909,2020-11-03,212.75,204.19,216.95,197.55,186902,955403520.0,9.26,-2.56,-5.36,4.29
910,2020-11-04,203.95,201.15,209.15,196.83,164047,826302064.0,6.03,-1.49,-3.04,3.77
911,2020-11-05,204.75,219.51,225.75,204.43,300472,1594335504.0,10.6,9.13,18.36,6.9
912,2020-11-06,220.75,214.43,226.75,209.15,223839,1203948048.0,8.02,-2.31,-5.08,5.14
913,2020-11-09,214.39,219.15,222.99,212.83,205070,1107697488.0,4.74,2.2,4.72,4.71
914,2020-11-10,217.15,213.07,217.15,204.51,191437,1002690384.0,5.77,-2.77,-6.08,4.39
915,2020-11-11,209.55,203.95,215.51,203.55,135093,702094480.0,5.61,-4.28,-9.12,3.1
916,2020-11-12,204.35,201.75,206.59,198.35,122659,615361664.0,4.04,-1.08,-2.2,2.82
917,2020-11-13,202.35,203.51,209.51,199.99,143534,728498560.0,4.72,0.87,1.76,3.3
918,2020-11-16,201.95,201.39,205.07,196.43,116035,577718496.0,4.25,-1.04,-2.12,2.66
919,2020-11-17,203.47,194.19,205.55,189.67,162260,785653824.0,7.89,-3.58,-7.2,3.73
920,2020-11-18,195.23,187.95,195.55,182.59,205972,957301968.0,6.67,-3.21,-6.24,4.73
921,2020-11-19,187.55,189.15,190.39,183.95,114376,532353728.0,3.43,0.64,1.2,2.63
922,2020-11-20,189.91,190.35,195.07,188.63,138698,659658400.0,3.4,0.63,1.2,3.18
923,2020-11-23,189.43,192.79,197.15,187.07,163793,781906992.0,5.3,1.28,2.44,3.76
924,2020-11-24,194.75,193.67,201.11,192.27,159366,775606352.0,4.59,0.46,0.88,3.66
925,2020-11-25,193.55,186.39,198.35,185.39,172126,818557936.0,6.69,-3.76,-7.28,3.95
926,2020-11-26,182.95,176.99,186.03,174.83,198871,879550176.0,6.01,-5.04,-9.4,4.57
927,2020-11-27,177.55,178.51,179.63,174.35,120079,528319360.0,2.98,0.86,1.52,2.76
928,2020-11-30,179.35,181.55,182.75,175.23,122351,545983744.0,4.21,1.7,3.04,2.81
929,2020-12-01,179.19,184.07,184.67,178.75,98468,446017792.0,3.26,1.39,2.52,2.26
930,2020-12-02,186.35,188.99,190.75,181.95,146595,679294768.0,4.78,2.67,4.92,3.37
931,2020-12-03,187.55,181.35,187.59,180.99,141735,646396608.0,3.49,-4.04,-7.64,3.25
932,2020-12-04,182.03,185.95,187.63,180.67,111316,510413472.0,3.84,2.54,4.6,2.56
933,2020-12-07,193.07,196.43,200.19,191.47,199970,975525328.0,4.69,5.64,10.48,4.59
934,2020-12-08,199.55,211.75,215.31,197.91,309390,1603896784.0,8.86,7.8,15.32,7.1
935,2020-12-09,211.67,208.47,213.39,207.87,176669,922639360.0,2.61,-1.55,-3.28,4.06
936,2020-12-10,210.39,209.75,212.39,204.75,167994,871807936.0,3.66,0.61,1.28,3.86
937,2020-12-11,208.79,203.59,211.55,199.95,153110,775262304.0,5.53,-2.94,-6.16,3.52
938,2020-12-14,205.99,219.75,219.75,203.95,229057,1210400800.0,7.76,7.94,16.16,5.26
939,2020-12-15,216.55,219.15,219.55,213.67,147971,796678416.0,2.68,-0.27,-0.6,3.4
940,2020-12-16,219.15,217.11,224.35,215.91,167171,913113232.0,3.85,-0.93,-2.04,3.84
941,2020-12-17,214.99,222.35,224.67,214.99,158778,868990128.0,4.46,2.41,5.24,3.65
942,2020-12-18,226.27,239.55,247.15,222.59,277973,1634163200.0,11.05,7.74,17.2,6.38
943,2020-12-21,241.67,247.27,255.15,237.55,277865,1700643280.0,7.35,3.22,7.72,6.38
944,2020-12-22,249.55,237.71,249.63,237.03,188352,1138523552.0,5.1,-3.87,-9.56,4.32
945,2020-12-23,240.75,238.95,249.15,237.55,205059,1236605792.0,4.88,0.52,1.24,4.71
946,2020-12-24,239.27,236.67,239.27,229.67,158883,927477248.0,4.02,-0.95,-2.28,3.65
947,2020-12-25,237.59,249.15,249.15,234.55,161585,976089120.0,6.17,5.27,12.48,3.71
948,2020-12-28,247.67,244.95,255.03,239.59,170244,1037857584.0,6.2,-1.69,-4.2,3.91
949,2020-12-29,243.63,238.91,249.35,232.15,178226,1057609088.0,7.02,-2.47,-6.04,4.09
950,2020-12-30,239.27,254.43,259.51,239.27,213603,1343371200.0,8.47,6.5,15.52,4.9
951,2020-12-31,252.43,260.95,261.47,250.47,175720,1117149680.0,4.32,2.56,6.52,4.03
952,2021-01-04,269.51,277.31,281.55,263.95,171125,1170885824.0,6.74,6.27,16.36,3.93
953,2021-01-05,273.15,269.67,274.75,264.95,161342,1083673568.0,3.53,-2.76,-7.64,3.7
954,2021-01-06,269.67,255.15,273.79,247.99,234801,1498067440.0,9.57,-5.38,-14.52,5.39
955,2021-01-07,256.47,260.67,263.55,252.99,152991,984530528.0,4.14,2.16,5.52,3.51
956,2021-01-08,262.83,248.59,263.47,241.15,236621,1462232400.0,8.56,-4.63,-12.08,5.43
957,2021-01-11,257.27,244.75,263.27,242.35,227307,1427106144.0,8.42,-1.54,-3.84,5.22
958,2021-01-12,247.55,252.75,254.75,244.27,151115,943892624.0,4.28,3.27,8.0,3.47
959,2021-01-13,251.95,239.35,259.55,237.55,197749,1215047568.0,8.7,-5.3,-13.4,4.54
960,2021-01-14,234.79,231.83,242.31,227.55,143926,835530720.0,6.17,-3.14,-7.52,3.3
961,2021-01-15,233.55,238.91,241.51,229.67,178212,1045340688.0,5.11,3.05,7.08,4.09
962,2021-01-18,239.47,242.95,245.07,235.07,118175,710118192.0,4.19,1.69,4.04,2.71
963,2021-01-19,239.39,230.75,247.03,228.43,265031,1584529984.0,7.66,-5.02,-12.2,6.08
964,2021-01-20,233.51,248.95,252.31,232.79,206333,1255796448.0,8.46,7.89,18.2,4.74
965,2021-01-21,247.59,253.55,255.75,241.87,156467,974881968.0,5.58,1.85,4.6,3.59
966,2021-01-22,249.55,262.11,265.55,248.75,173694,1117954448.0,6.63,3.38,8.56,3.99
967,2021-01-25,262.75,249.59,271.03,247.19,237055,1524100560.0,9.1,-4.78,-12.52,5.44
968,2021-01-26,243.79,231.15,248.27,225.67,241238,1400788928.0,9.05,-7.39,-18.44,5.54
969,2021-01-27,233.55,242.75,248.15,232.71,195588,1166000928.0,6.68,5.02,11.6,4.49
970,2021-01-28,238.75,235.59,243.43,232.55,133429,786889200.0,4.48,-2.95,-7.16,3.06
971,2021-01-29,237.23,233.07,239.55,227.55,124350,719681152.0,5.09,-1.07,-2.52,2.85
972,2021-02-01,231.95,236.15,241.07,227.59,91933,538822080.0,5.78,1.32,3.08,2.11
973,2021-02-02,236.35,245.35,246.67,227.99,155240,921985328.0,7.91,3.9,9.2,3.56
974,2021-02-03,246.27,235.15,249.91,226.03,202241,1192165760.0,9.73,-4.16,-10.2,4.64
975,2021-02-04,229.39,214.35,230.51,207.71,253250,1362973968.0,9.7,-8.85,-20.8,5.81
976,2021-02-05,216.23,217.55,223.51,212.39,151751,827018624.0,5.19,1.49,3.2,3.48
977,2021-02-08,219.91,215.87,221.55,208.75,97285,523077040.0,5.88,-0.77,-1.68,2.23
978,2021-02-09,219.79,226.63,229.99,217.95,115107,645109744.0,5.58,4.98,10.76,2.64
979,2021-02-10,228.35,233.11,233.63,222.63,109916,624705296.0,4.85,2.86,6.48,2.52
980,2021-02-18,237.63,208.55,238.27,200.71,352395,1833643136.0,16.11,-10.54,-24.56,8.09
981,2021-02-19,204.23,203.23,205.07,197.07,183358,914516672.0,3.84,-2.55,-5.32,4.21
982,2021-02-22,203.07,204.47,209.07,200.59,157257,804234176.0,4.17,0.61,1.24,3.61
983,2021-02-23,203.51,206.67,207.19,197.75,118931,601942720.0,4.62,1.08,2.2,2.73
984,2021-02-24,203.51,197.95,207.55,193.23,171284,844921552.0,6.93,-4.22,-8.72,3.93
985,2021-02-25,199.95,195.95,201.11,194.03,127256,623394448.0,3.58,-1.01,-2.0,2.92
986,2021-02-26,191.15,193.95,195.55,187.71,99532,473402144.0,4.0,-1.02,-2.0,2.29
987,2021-03-01,194.95,197.87,199.07,193.59,86069,420718000.0,2.83,2.02,3.92,1.98
988,2021-03-02,199.15,194.95,200.35,192.39,87899,427818192.0,4.02,-1.48,-2.92,2.02
989,2021-03-03,195.11,197.11,198.71,192.75,64874,315203024.0,3.06,1.11,2.16,1.49
990,2021-03-04,194.75,188.99,196.47,187.87,104886,495188160.0,4.36,-4.12,-8.12,2.41
991,2021-03-05,187.43,190.55,193.51,185.55,73675,347853792.0,4.21,0.83,1.56,1.69
992,2021-03-08,191.91,180.71,191.99,180.43,95172,436271856.0,6.07,-5.16,-9.84,2.18
993,2021-03-09,180.99,178.71,185.95,174.51,93769,419398240.0,6.33,-1.11,-2.0,2.15
994,2021-03-10,184.35,185.23,189.47,179.27,114290,521722192.0,5.71,3.65,6.52,2.62
995,2021-03-11,184.23,185.95,188.35,181.71,85868,394234976.0,3.58,0.39,0.72,1.97
996,2021-03-12,186.91,188.03,189.35,184.63,79420,368644976.0,2.54,1.12,2.08,1.82
997,2021-03-15,188.43,181.15,190.75,177.63,86785,397046992.0,6.98,-3.66,-6.88,1.99
998,2021-03-16,183.23,190.31,193.75,183.23,124801,586235776.0,5.81,5.06,9.16,2.87
999,2021-03-17,188.15,199.87,200.99,185.55,139945,679773584.0,8.11,5.02,9.56,3.21
1000,2021-03-18,199.27,196.87,201.35,194.75,87193,428086448.0,3.3,-1.5,-3.0,2.0
1001,2021-03-19,193.15,193.43,195.91,190.39,72508,346320624.0,2.8,-1.75,-3.44,1.66
1002,2021-03-22,193.55,192.47,195.95,190.15,64453,307301952.0,3.0,-0.5,-0.96,1.48
1003,2021-03-23,190.07,172.59,190.47,166.55,237919,1022611712.0,12.43,-10.33,-19.88,5.46
1004,2021-03-24,173.75,175.31,179.07,171.55,105670,461437792.0,4.36,1.58,2.72,2.43
1005,2021-03-25,171.87,184.39,187.03,171.87,120663,546154496.0,8.65,5.18,9.08,2.77
1006,2021-03-26,185.51,192.55,192.75,183.87,113541,537629296.0,4.82,4.43,8.16,2.61
1007,2021-03-29,193.51,193.55,199.11,192.83,121835,590851040.0,3.26,0.52,1.0,2.8
1008,2021-03-30,191.51,192.55,196.99,190.39,83753,402418224.0,3.41,-0.52,-1.0,1.92
1009,2021-03-31,191.63,191.03,194.63,187.87,61540,290856512.0,3.51,-0.79,-1.52,1.41
1010,2021-04-01,192.71,194.75,197.07,191.35,74416,358982576.0,2.99,1.95,3.72,1.71
1011,2021-04-02,193.79,194.95,198.07,193.23,75128,364263232.0,2.49,0.1,0.2,1.72
1012,2021-04-06,196.75,193.15,198.55,192.95,52074,252281831.0,2.87,-0.92,-1.8,1.2
1013,2021-04-07,203.55,195.59,206.35,193.43,204050,997933840.0,6.69,1.26,2.44,4.68
1014,2021-04-08,193.55,190.71,194.23,187.59,101016,479465424.0,3.39,-2.5,-4.88,2.32
1015,2021-04-09,193.11,190.23,193.35,188.35,56870,268699696.0,2.62,-0.25,-0.48,1.31
1016,2021-04-12,192.55,181.99,197.55,179.99,147142,685233744.0,9.23,-4.33,-8.24,3.38
1017,2021-04-13,181.51,184.35,191.75,178.95,100379,460461552.0,7.03,1.3,2.36,2.3
1018,2021-04-14,185.55,194.39,196.95,185.55,139864,669261712.0,6.18,5.45,10.04,3.21
1019,2021-04-15,193.55,195.31,195.87,191.59,60614,292032656.0,2.2,0.47,0.92,1.39
1020,2021-04-16,195.79,197.47,199.07,191.31,102598,497915568.0,3.97,1.11,2.16,2.36
1021,2021-04-19,195.75,208.23,210.35,193.95,175533,892771408.0,8.31,5.45,10.76,4.03
1022,2021-04-20,205.67,204.91,209.43,203.95,90402,462553520.0,2.63,-1.59,-3.32,2.08
1023,2021-04-21,203.55,205.07,206.59,201.67,66589,337281888.0,2.4,0.08,0.16,1.53
1024,2021-04-22,205.63,202.79,208.55,202.35,95983,486985936.0,3.02,-1.11,-2.28,2.2
1025,2021-04-23,202.79,203.15,205.35,201.15,76132,383875648.0,2.07,0.18,0.36,1.75
1026,2021-04-26,203.55,195.47,206.55,195.15,118623,590181504.0,5.61,-3.78,-7.68,2.72
1027,2021-04-27,194.19,195.59,196.63,190.27,82558,396256736.0,3.25,0.06,0.12,1.9
1028,2021-04-28,193.83,201.91,202.95,191.83,80914,401075888.0,5.69,3.23,6.32,1.86
1029,2021-04-29,200.59,197.47,202.35,195.15,89437,440258976.0,3.57,-2.2,-4.44,2.05
1030,2021-04-30,197.15,203.95,206.07,196.03,118097,593299184.0,5.08,3.28,6.48,2.71
1031,2021-05-06,203.15,196.15,203.87,190.95,148529,722605760.0,6.33,-3.82,-7.8,3.41
1032,2021-05-07,194.75,184.47,198.35,184.23,136136,639076928.0,7.2,-5.95,-11.68,3.13
1033,2021-05-10,184.39,181.63,187.55,179.99,94501,428406464.0,4.1,-1.54,-2.84,2.17
1034,2021-05-11,179.55,176.79,180.19,176.15,84798,373266560.0,2.22,-2.66,-4.84,1.95
1035,2021-05-12,175.83,177.95,179.03,175.59,59073,259726968.0,1.95,0.66,1.16,1.36
1036,2021-05-13,175.79,171.99,176.27,171.59,89049,383024000.0,2.63,-3.35,-5.96,2.04
1037,2021-05-14,172.91,178.15,178.27,171.31,78327,341470256.0,4.05,3.58,6.16,1.8
1038,2021-05-17,177.59,187.59,190.35,177.59,139562,643747328.0,7.16,5.3,9.44,3.2
1039,2021-05-18,186.03,187.59,192.31,185.11,86639,405236688.0,3.84,0.0,0.0,1.99
1040,2021-05-19,187.83,197.63,199.91,186.03,154962,747212352.0,7.4,5.35,10.04,3.56
1041,2021-05-20,195.95,197.47,199.51,195.59,103697,507452816.0,1.98,-0.08,-0.16,2.38
1042,2021-05-21,199.63,196.43,202.15,194.39,81822,400223584.0,3.93,-0.53,-1.04,1.88
1043,2021-05-24,195.83,196.67,198.55,194.19,69707,339155056.0,2.22,0.12,0.24,1.6
1044,2021-05-25,195.63,200.75,203.87,194.75,107292,535379392.0,4.64,2.07,4.08,2.46
1045,2021-05-26,200.35,197.15,202.67,196.11,66440,325940256.0,3.27,-1.79,-3.6,1.53
1046,2021-05-27,197.47,197.71,198.91,195.15,69964,341661888.0,1.91,0.28,0.56,1.61
1047,2021-05-28,203.05,214.61,228.21,203.01,265117,1432447296.0,12.75,8.55,16.9,6.09
1048,2021-05-31,220.61,230.17,234.69,220.61,256376,1462437680.0,6.56,7.25,15.56,5.89
1049,2021-06-01,228.77,227.73,234.21,224.21,162684,916398592.0,4.34,-1.06,-2.44,3.73
1050,2021-06-02,232.21,228.65,239.89,226.73,145764,837950816.0,5.78,0.4,0.92,3.35
1051,2021-06-03,230.61,234.13,239.13,224.73,192327,1111882016.0,6.3,2.4,5.48,4.42
1052,2021-06-04,229.01,241.01,245.73,225.09,213971,1264547632.0,8.82,2.94,6.88,4.91
1053,2021-06-07,240.61,235.25,243.01,231.77,152206,892516480.0,4.66,-2.39,-5.76,3.49
1054,2021-06-08,235.73,231.45,243.01,228.69,137817,803042448.0,6.09,-1.62,-3.8,3.16
1055,2021-06-09,233.41,232.33,236.21,228.01,107669,618017616.0,3.54,0.38,0.88,2.47
1056,2021-06-10,230.61,237.81,241.01,229.41,146017,857932032.0,4.99,2.36,5.48,3.35
1057,2021-06-11,236.37,232.57,240.17,229.85,131145,760000560.0,4.34,-2.2,-5.24,3.01
1058,2021-06-15,232.65,229.09,238.33,226.21,104847,596399040.0,5.21,-1.5,-3.48,2.41
1059,2021-06-16,226.53,208.21,228.45,207.33,194740,1033317424.0,9.22,-9.11,-20.88,4.47
1060,2021-06-17,209.21,211.73,215.05,209.21,105112,552018432.0,2.8,1.69,3.52,2.41
1061,2021-06-18,213.81,231.53,234.57,212.77,188591,1046866448.0,10.3,9.35,19.8,4.33
1062,2021-06-21,230.21,231.17,236.05,226.57,118975,682233136.0,4.09,-0.16,-0.36,2.73
1063,2021-06-22,233.41,235.49,240.53,228.85,170403,990393440.0,5.05,1.87,4.32,3.91
1064,2021-06-23,235.37,243.21,244.33,232.21,178475,1058334544.0,5.15,3.28,7.72,4.1
1065,2021-06-24,242.61,234.17,242.61,230.73,133488,778532400.0,4.88,-3.72,-9.04,3.06
1066,2021-06-25,235.41,234.61,236.97,229.41,108301,626581424.0,3.23,0.19,0.44,2.49
1067,2021-06-28,232.93,236.01,243.01,232.61,134403,787250880.0,4.43,0.6,1.4,3.09
1068,2021-06-29,239.41,232.05,240.61,230.25,115428,669407072.0,4.39,-1.68,-3.96,2.65
1069,2021-06-30,228.57,226.97,231.69,216.61,197610,1096683472.0,6.5,-2.19,-5.08,4.54
1070,2021-07-01,226.97,222.53,231.29,220.21,115444,641017600.0,4.88,-1.96,-4.44,2.65
1071,2021-07-02,219.37,224.77,230.13,219.37,129638,724856256.0,4.84,1.01,2.24,2.98
1072,2021-07-05,224.61,242.61,242.93,224.61,249702,1478239632.0,8.15,7.94,17.84,5.73
1073,2021-07-06,243.41,238.17,249.29,231.73,228451,1360022048.0,7.24,-1.83,-4.44,5.24
1074,2021-07-07,234.57,285.37,285.37,234.09,421331,2802195360.0,21.53,19.82,47.2,9.67
1075,2021-07-08,297.37,278.69,298.69,274.21,372751,2624429424.0,8.58,-2.34,-6.68,8.56
1076,2021-07-09,278.77,283.17,288.41,265.81,355563,2442048048.0,8.11,1.61,4.48,8.16
1077,2021-07-12,290.21,301.93,308.61,285.01,367753,2695332400.0,8.33,6.62,18.76,8.44
1078,2021-07-13,329.73,323.61,343.73,311.37,397279,3220049200.0,10.72,7.18,21.68,9.12
1079,2021-07-14,313.01,306.61,323.01,303.53,296023,2292907920.0,6.02,-5.25,-17.0,6.8
1080,2021-07-15,306.21,317.01,324.41,304.21,229581,1790684080.0,6.59,3.39,10.4,5.27
1081,2021-07-16,312.21,298.85,320.05,297.61,235628,1792733920.0,7.08,-5.73,-18.16,5.41
1082,2021-07-19,296.29,290.61,306.89,286.01,213370,1565810704.0,6.99,-2.76,-8.24,4.9
1083,2021-07-20,286.61,291.65,295.93,284.57,132553,956392976.0,3.91,0.36,1.04,3.04
1084,2021-07-21,293.81,302.25,303.61,292.61,202533,1505512912.0,3.77,3.63,10.6,4.65
1085,2021-07-22,301.81,290.97,301.81,280.33,295418,2107201312.0,7.11,-3.73,-11.28,6.78
1086,2021-07-23,290.13,291.45,304.01,288.25,220819,1615359088.0,5.42,0.16,0.48,5.07
1087,2021-07-26,291.53,285.29,299.61,276.85,201648,1438171056.0,7.81,-2.11,-6.16,4.63
1088,2021-07-27,286.25,269.41,295.01,269.13,207426,1458267712.0,9.07,-5.57,-15.88,4.76
1089,2021-07-28,263.41,268.41,276.85,256.49,173841,1154012672.0,7.56,-0.37,-1.0,3.99
1090,2021-07-29,276.57,279.41,281.93,268.93,182482,1250512704.0,4.84,4.1,11.0,4.19
1091,2021-07-30,275.01,269.45,282.17,262.41,233245,1569294704.0,7.07,-3.56,-9.96,5.35
1092,2021-08-02,276.25,283.09,291.33,274.61,232397,1624487040.0,6.21,5.06,13.64,5.34
1093,2021-08-03,283.01,266.61,283.01,265.21,182157,1228747456.0,6.29,-5.82,-16.48,4.18
1094,2021-08-04,263.45,287.81,294.13,263.45,263452,1845541824.0,11.51,7.95,21.2,6.05
1095,2021-08-05,284.25,279.97,286.13,276.97,182420,1268610320.0,3.18,-2.72,-7.84,4.19
1096,2021-08-06,306.21,310.33,334.17,306.21,415296,3280370704.0,9.99,10.84,30.36,9.53
1097,2021-08-09,308.89,296.05,313.41,282.65,266219,1933993056.0,9.91,-4.6,-14.28,6.11
1098,2021-08-10,290.85,287.33,299.61,281.89,205383,1483484784.0,5.99,-2.95,-8.72,4.72
1099,2021-08-11,286.13,297.81,304.21,281.45,209788,1537641200.0,7.92,3.65,10.48,4.82
1100,2021-08-12,294.21,301.81,307.49,288.93,203932,1505089312.0,6.23,1.34,4.0,4.68
1101,2021-08-13,296.21,295.41,312.21,294.21,214208,1613530288.0,5.96,-2.12,-6.4,4.92
1102,2021-08-16,289.37,274.45,290.09,274.21,188239,1304585168.0,5.38,-7.1,-20.96,4.32
1103,2021-08-17,274.17,269.05,279.29,267.05,107842,731940784.0,4.46,-1.97,-5.4,2.48
1104,2021-08-18,269.69,273.41,278.85,269.41,98517,668162656.0,3.51,1.62,4.36,2.26
1105,2021-08-19,271.81,282.65,286.21,267.37,139424,964335584.0,6.89,3.38,9.24,3.2
1106,2021-08-20,278.41,285.09,287.61,276.09,111470,782948816.0,4.08,0.86,2.44,2.56
1107,2021-08-23,286.29,294.21,296.21,280.25,168040,1205546576.0,5.6,3.2,9.12,3.86
1108,2021-08-24,300.21,294.49,307.53,293.89,205896,1532226832.0,4.64,0.1,0.28,4.73
1109,2021-08-25,298.13,302.73,307.85,295.41,188742,1418792016.0,4.22,2.8,8.24,4.33
1110,2021-08-26,306.57,294.21,311.01,293.77,148862,1109214592.0,5.69,-2.81,-8.52,3.42
1111,2021-08-27,294.21,304.13,305.41,290.25,131474,978602528.0,5.15,3.37,9.92,3.02
1112,2021-08-30,307.17,319.01,325.65,301.17,272296,2132208736.0,8.05,4.89,14.88,6.25
1113,2021-08-31,318.21,316.61,321.41,306.01,151710,1173735536.0,4.83,-0.75,-2.4,3.48
1114,2021-09-01,316.61,291.89,324.45,286.21,212634,1586461184.0,12.08,-7.81,-24.72,4.88
1115,2021-09-02,288.77,294.81,298.73,287.05,142872,1036388912.0,4.0,1.0,2.92,3.28
1116,2021-09-03,291.09,284.57,296.05,278.25,150479,1069444592.0,6.04,-3.47,-10.24,3.45
1117,2021-09-06,282.21,286.57,289.05,276.61,122980,867088000.0,4.37,0.7,2.0,2.82
1118,2021-09-07,286.21,343.45,343.45,285.73,434220,3516718288.0,20.14,19.85,56.88,9.97
1119,2021-09-08,348.21,347.41,350.65,337.17,294853,2522477024.0,3.92,1.15,3.96,6.77
1120,2021-09-09,346.41,336.37,360.17,329.29,241724,2053023712.0,8.89,-3.18,-11.04,5.55
1121,2021-09-10,337.85,334.89,341.85,328.21,208762,1734165040.0,4.06,-0.44,-1.48,4.79
1122,2021-09-13,338.21,338.21,342.05,330.25,157300,1317109984.0,3.52,0.99,3.32,3.61
1123,2021-09-14,338.13,347.85,356.61,324.65,263718,2263857424.0,9.45,2.85,9.64,6.05
1124,2021-09-15,343.81,350.09,355.81,343.45,197106,1707881952.0,3.55,0.64,2.24,4.53
1125,2021-09-16,350.93,348.05,374.73,344.61,249737,2211228864.0,8.6,-0.58,-2.04,5.73
1126,2021-09-17,345.81,366.05,379.33,343.01,243764,2210478928.0,10.44,5.17,18.0,5.6
1127,2021-09-22,357.01,351.09,368.77,346.97,150290,1325493712.0,5.96,-4.09,-14.96,3.45
1128,2021-09-23,362.01,350.21,366.21,348.61,161194,1427105728.0,5.01,-0.25,-0.88,3.7
1129,2021-09-24,342.53,352.57,366.21,334.29,187730,1636805904.0,9.11,0.67,2.36,4.31
1130,2021-09-27,352.57,336.97,356.81,326.21,148030,1253753984.0,8.68,-4.42,-15.6,3.4
1131,2021-09-28,336.97,327.41,343.53,325.33,110684,918673280.0,5.4,-2.84,-9.56,2.54
1132,2021-09-29,324.25,316.25,332.57,314.33,111543,893193856.0,5.57,-3.41,-11.16,2.56
1133,2021-09-30,318.21,330.61,342.13,312.25,155309,1265315520.0,9.45,4.54,14.36,3.57
1134,2021-10-08,338.01,323.81,338.17,316.61,99914,806778176.0,6.52,-2.06,-6.8,2.29
1135,2021-10-11,323.41,332.85,339.53,316.89,113166,928586784.0,6.99,2.79,9.04,2.6
1136,2021-10-12,330.89,315.01,332.85,311.61,109217,868980672.0,6.38,-5.36,-17.84,2.51
1137,2021-10-13,316.93,327.49,328.21,312.85,95340,764837296.0,4.88,3.96,12.48,2.19
1138,2021-10-14,325.17,326.57,329.93,322.25,80707,654181232.0,2.35,-0.28,-0.92,1.85
1139,2021-10-15,325.01,333.45,337.17,320.21,107739,883096656.0,5.19,2.11,6.88,2.47
1140,2021-10-18,330.21,335.13,336.17,315.41,156218,1262946928.0,6.23,0.5,1.68,3.59
1141,2021-10-19,331.53,329.41,342.73,327.81,116747,965038512.0,4.45,-1.71,-5.72,2.68
1142,2021-10-20,326.09,336.25,355.61,322.85,189243,1611658176.0,9.95,2.08,6.84,4.34
1143,2021-10-21,336.57,326.13,341.73,322.57,136782,1114578608.0,5.7,-3.01,-10.12,3.14
1144,2021-10-22,328.45,319.93,335.37,318.53,107405,867638800.0,5.16,-1.9,-6.2,2.47
1145,2021-10-25,318.97,326.17,328.93,316.65,106764,858857184.0,3.84,1.95,6.24,2.45
1146,2021-10-26,332.89,327.57,346.21,325.73,158968,1326638896.0,6.28,0.43,1.4,3.65
1147,2021-10-27,324.65,346.17,350.17,323.01,193573,1634918176.0,8.29,5.68,18.6,4.44
1148,2021-10-28,341.81,338.41,363.33,336.53,207585,1790725760.0,7.74,-2.24,-7.76,4.77
1149,2021-10-29,342.21,357.17,361.77,334.45,248106,2151271632.0,8.07,5.54,18.76,5.7
1150,2021-11-01,355.33,348.41,358.05,336.41,196755,1695719328.0,6.06,-2.45,-8.76,4.52
1151,2021-11-02,346.93,344.29,351.61,337.93,120485,1031569264.0,3.93,-1.18,-4.12,2.77
1152,2021-11-03,343.61,332.01,345.53,327.45,133083,1101794304.0,5.25,-3.57,-12.28,3.06
1153,2021-11-04,338.17,371.01,392.21,338.17,369463,3395302720.0,16.28,11.75,39.0,8.48
1154,2021-11-05,372.21,365.41,378.17,364.01,158324,1455341824.0,3.82,-1.51,-5.6,3.63
1155,2021-11-08,372.69,388.53,393.73,371.37,199589,1906729792.0,6.12,6.33,23.12,4.58
1156,2021-11-09,394.17,392.61,403.97,388.37,161934,1586938400.0,4.02,1.05,4.08,3.72
1157,2021-11-10,384.89,377.05,392.89,371.09,148630,1396806960.0,5.55,-3.96,-15.56,3.41
1158,2021-11-11,390.09,382.41,393.41,377.53,117419,1121662048.0,4.21,1.42,5.36,2.7
1159,2021-11-12,381.41,382.53,387.69,376.21,99728,943135664.0,3.0,0.03,0.12,2.29
1160,2021-11-15,382.17,370.13,382.17,369.41,109726,1018619456.0,3.34,-3.24,-12.4,2.52
1161,2021-11-16,378.21,365.25,385.81,359.41,131694,1209867072.0,7.13,-1.32,-4.88,3.02
1162,2021-11-17,370.21,372.93,375.09,366.25,77859,718982944.0,2.42,2.1,7.68,1.79
1163,2021-11-18,369.81,361.85,370.77,359.05,118628,1070227280.0,3.14,-2.97,-11.08,2.72
1164,2021-11-19,384.97,377.93,397.81,370.45,226451,2141854384.0,7.56,4.44,16.08,5.2
1165,2021-11-22,394.65,418.41,428.85,394.65,319979,3292602528.0,9.05,10.71,40.48,7.35
1166,2021-11-23,415.93,427.81,435.41,413.29,229474,2433571216.0,5.29,2.25,9.4,5.27
1167,2021-11-24,435.25,427.05,436.33,421.81,135476,1443961200.0,3.39,-0.18,-0.76,3.11
1168,2021-11-25,427.41,414.65,429.41,410.25,121714,1259576912.0,4.49,-2.9,-12.4,2.79
1169,2021-11-26,414.61,415.81,424.93,410.21,93299,970187632.0,3.55,0.28,1.16,2.14
1170,2021-11-29,410.65,419.65,423.61,409.81,98233,1019467360.0,3.32,0.92,3.84,2.26
1171,2021-11-30,422.25,421.41,424.17,413.13,116881,1217017696.0,2.63,0.42,1.76,2.68
1172,2021-12-01,443.33,440.61,462.13,433.29,218594,2425653200.0,6.84,4.56,19.2,5.02
1173,2021-12-02,442.73,440.57,443.81,427.65,128429,1392403920.0,3.67,-0.01,-0.04,2.95
1174,2021-12-03,435.53,430.21,441.69,427.53,84804,915774672.0,3.21,-2.35,-10.36,1.95
1175,2021-12-06,424.41,419.33,433.41,417.73,83384,878827408.0,3.64,-2.53,-10.88,1.91
1176,2021-12-07,420.49,395.41,424.05,391.57,154711,1543493600.0,7.75,-5.7,-23.92,3.55
1177,2021-12-08,406.25,403.25,416.13,400.29,111058,1122187088.0,4.01,1.98,7.84,2.55
1178,2021-12-09,401.41,392.25,403.01,389.13,109860,1074527056.0,3.44,-2.73,-11.0,2.52
1179,2021-12-10,387.05,393.85,395.09,385.37,111120,1080440400.0,2.48,0.41,1.6,2.55
1180,2021-12-13,394.25,394.17,398.45,383.61,126378,1227169568.0,3.77,0.08,0.32,2.9
1181,2021-12-14,391.81,385.69,393.93,381.25,88100,847400832.0,3.22,-2.15,-8.48,2.02
1182,2021-12-15,385.41,383.41,389.73,383.09,57949,555541152.0,1.72,-0.59,-2.28,1.33
1183,2021-12-16,382.65,382.21,384.81,379.73,56608,537306944.0,1.32,-0.31,-1.2,1.3
1184,2021-12-17,383.21,376.97,384.01,373.85,78735,740852944.0,2.66,-1.37,-5.24,1.81
1185,2021-12-20,374.25,362.49,378.05,362.21,80173,733458656.0,4.2,-3.84,-14.48,1.84
1186,2021-12-21,365.37,360.65,371.01,356.53,91845,824563952.0,3.99,-0.51,-1.84,2.11
1187,2021-12-22,363.21,366.13,371.53,361.33,70190,638397472.0,2.83,1.52,5.48,1.61
1188,2021-12-23,367.81,359.41,370.13,356.93,86541,774580128.0,3.61,-1.84,-6.72,1.99
1189,2021-12-24,360.21,340.21,362.17,334.53,128230,1094265216.0,7.69,-5.34,-19.2,2.94
1190,2021-12-27,338.21,339.09,343.57,334.21,64328,541002976.0,2.75,-0.33,-1.12,1.48
1191,2021-12-28,338.29,345.45,345.93,337.05,80035,680022880.0,2.62,1.88,6.36,1.84
1192,2021-12-29,345.37,346.21,352.85,340.49,81406,701232128.0,3.58,0.22,0.76,1.87
1193,2021-12-30,350.17,344.01,350.21,342.73,70057,602210464.0,2.16,-0.64,-2.2,1.61
1194,2021-12-31,346.57,349.69,352.93,344.29,92213,799579456.0,2.51,1.65,5.68,2.12
