,日期,开盘,收盘,最高,最低,成交量,成交额,振幅,涨跌幅,涨跌额,换手率
0,2017-01-03,15.12,15.57,15.64,15.1,118131,80810642.0,3.59,3.39,0.51,1.54
1,2017-01-04,15.49,15.96,16.15,15.49,136272,96812525.0,4.24,2.5,0.39,1.78
2,2017-01-05,15.96,15.76,16.11,15.55,130796,92132940.0,3.51,-1.25,-0.2,1.71
3,2017-01-06,15.66,15.87,15.94,15.61,66206,46835118.0,2.09,0.7,0.11,0.86
4,2017-01-09,15.85,15.89,15.96,15.76,52786,37432771.0,1.26,0.13,0.02,0.69
5,2017-01-10,15.83,15.53,15.98,15.4,100777,70504342.0,3.65,-2.27,-0.36,1.31
6,2017-01-11,15.14,15.25,15.57,15.14,98316,67120200.0,2.77,-1.8,-0.28,1.28
7,2017-01-12,15.31,14.61,15.32,14.61,156974,103001654.0,4.66,-4.2,-0.64,2.05
8,2017-01-13,14.71,14.28,14.73,14.11,135791,84998504.0,4.24,-2.26,-0.33,1.77
9,2017-01-16,14.22,13.7,14.29,13.7,151908,91864298.0,4.13,-4.06,-0.58,1.98
10,2017-01-17,13.62,13.83,13.92,13.19,146722,85645443.0,5.33,0.95,0.13,1.91
11,2017-01-18,13.77,14.01,14.24,13.7,123497,75345800.0,3.9,1.3,0.18,1.61
12,2017-01-19,13.98,13.96,14.11,13.92,43409,26468004.0,1.36,-0.36,-0.05,0.57
13,2017-01-20,13.98,14.07,14.13,13.88,60373,36890647.0,1.79,0.79,0.11,0.79
14,2017-01-23,14.07,14.35,14.5,14.05,79686,49712332.0,3.2,1.99,0.28,1.04
15,2017-01-24,14.35,14.46,14.54,14.31,69905,44269531.0,1.6,0.77,0.11,0.91
16,2017-01-25,14.43,14.31,14.58,14.26,67507,42568441.0,2.21,-1.04,-0.15,0.88
17,2017-01-26,14.37,14.46,14.54,14.35,50161,31771487.0,1.33,1.05,0.15,0.65
18,2017-02-03,14.35,14.26,14.48,14.16,47421,29581577.0,2.21,-1.38,-0.2,0.62
19,2017-02-06,14.28,14.16,14.31,14.15,47256,29322899.0,1.12,-0.7,-0.1,0.62
20,2017-02-07,14.18,14.26,14.37,14.15,50654,31596552.0,1.55,0.71,0.1,0.66
21,2017-02-08,14.29,14.71,14.73,14.2,96664,61052129.0,3.72,3.16,0.45,1.26
22,2017-02-09,14.93,15.27,15.31,14.93,190580,128005566.0,2.58,3.81,0.56,2.49
23,2017-02-10,15.42,15.4,15.85,15.16,214475,147922251.0,4.52,0.85,0.13,2.8
24,2017-02-13,16.02,15.62,16.04,15.47,250113,176426937.0,3.7,1.43,0.22,3.26
25,2017-02-14,15.72,15.81,16.02,15.55,181185,127492224.0,3.01,1.22,0.19,2.36
26,2017-02-15,15.85,15.16,15.87,15.16,204769,140562601.0,4.49,-4.11,-0.65,2.67
27,2017-02-16,15.06,15.12,15.36,15.03,138424,93089718.0,2.18,-0.26,-0.04,1.81
28,2017-02-17,15.16,14.91,15.19,14.74,134079,88150965.0,2.98,-1.39,-0.21,1.75
29,2017-02-20,14.95,15.21,15.29,14.78,103856,69694564.0,3.42,2.01,0.3,1.36
30,2017-02-21,15.27,15.4,15.59,15.21,108981,74615489.0,2.5,1.25,0.19,1.42
31,2017-02-22,15.49,15.44,15.49,15.27,83005,56763939.0,1.43,0.26,0.04,1.08
32,2017-02-23,15.34,15.25,15.46,15.06,79302,53796770.0,2.59,-1.23,-0.19,1.03
33,2017-02-24,15.21,15.44,15.47,15.03,73190,49394429.0,2.89,1.25,0.19,0.95
34,2017-02-27,15.61,15.23,15.62,15.19,70900,48288857.0,2.78,-1.36,-0.21,0.93
35,2017-02-28,15.21,15.29,15.38,15.16,49641,33614173.0,1.44,0.39,0.06,0.65
36,2017-03-01,15.27,15.9,15.92,15.27,270360,190481063.0,4.25,3.99,0.61,3.53
37,2017-03-02,15.98,16.0,16.5,15.89,262225,191174867.0,3.84,0.63,0.1,3.42
38,2017-03-03,15.98,15.94,16.45,15.9,154593,111803461.0,3.44,-0.38,-0.06,2.02
39,2017-03-06,16.0,16.62,16.62,16.0,223721,165061441.0,3.89,4.27,0.68,2.92
40,2017-03-07,16.82,17.05,17.31,16.73,309530,241065460.0,3.49,2.59,0.43,4.04
41,2017-03-08,16.99,17.16,17.46,16.84,153227,118692612.0,3.64,0.65,0.11,2.0
42,2017-03-09,17.33,17.74,17.89,17.1,288152,232067094.0,4.6,3.38,0.58,3.76
43,2017-03-10,17.89,17.76,18.04,17.46,180897,146390911.0,3.27,0.11,0.02,2.36
44,2017-03-13,18.06,17.55,18.1,17.5,148149,119448337.0,3.38,-1.18,-0.21,1.93
45,2017-03-14,17.66,17.18,17.85,17.01,211318,166954214.0,4.79,-2.11,-0.37,2.76
46,2017-03-15,17.07,17.72,17.91,17.05,210691,168410877.0,5.01,3.14,0.54,2.75
47,2017-03-16,17.8,18.3,18.43,17.61,203718,167551467.0,4.63,3.27,0.58,2.66
48,2017-03-17,18.51,18.28,18.84,18.23,173251,147119294.0,3.33,-0.11,-0.02,2.26
49,2017-03-20,18.51,19.07,19.07,18.41,195893,169403701.0,3.61,4.32,0.79,2.56
50,2017-03-21,19.22,19.42,19.89,18.79,303181,272226400.0,5.77,1.84,0.35,3.96
51,2017-03-22,19.35,19.56,19.97,19.16,191829,174168442.0,4.17,0.72,0.14,2.5
52,2017-03-23,19.44,19.29,19.61,19.03,154795,137865150.0,2.97,-1.38,-0.27,2.02
53,2017-03-24,19.22,19.09,19.67,18.69,162665,144413446.0,5.08,-1.04,-0.2,2.12
54,2017-03-27,19.22,19.03,19.33,18.83,112359,98717809.0,2.62,-0.31,-0.06,1.47
55,2017-03-28,19.07,19.85,19.85,18.92,205203,185669988.0,4.89,4.31,0.82,2.68
56,2017-03-29,20.0,19.78,20.19,19.69,140020,129256769.0,2.52,-0.35,-0.07,1.83
57,2017-03-30,19.89,18.92,19.89,18.92,223530,197593952.0,4.9,-4.35,-0.86,2.92
58,2017-03-31,18.71,18.1,19.12,18.1,173082,145730856.0,5.39,-4.33,-0.82,2.26
59,2017-04-05,17.95,18.04,18.32,17.59,214066,174651587.0,4.03,-0.33,-0.06,2.79
60,2017-04-06,18.0,17.98,18.21,17.93,101329,83702430.0,1.55,-0.33,-0.06,1.32
61,2017-04-07,17.98,17.8,18.04,17.7,135165,109750234.0,1.89,-1.0,-0.18,1.76
62,2017-04-10,18.56,18.56,18.56,18.34,183655,156540252.0,1.24,4.27,0.76,2.4
63,2017-04-11,18.81,18.51,19.35,17.95,310811,268283646.0,7.54,-0.27,-0.05,4.06
64,2017-04-12,18.23,18.75,19.14,18.23,145802,126319909.0,4.92,1.3,0.24,1.9
65,2017-04-13,18.88,19.09,19.31,18.75,116873,103169114.0,2.99,1.81,0.34,1.52
66,2017-04-14,19.01,18.97,19.5,18.88,108922,96391324.0,3.25,-0.63,-0.12,1.42
67,2017-04-17,18.9,18.15,19.26,18.15,186826,157943649.0,5.85,-4.32,-0.82,2.44
68,2017-04-18,17.8,17.37,18.0,17.37,230991,184206009.0,3.47,-4.3,-0.78,3.01
69,2017-04-19,17.31,16.63,17.31,16.63,189594,143343058.0,3.91,-4.26,-0.74,2.47
70,2017-04-20,16.65,17.05,17.27,16.65,128184,98066182.0,3.73,2.53,0.42,1.67
71,2017-04-21,17.2,17.72,17.74,17.05,128950,102140812.0,4.05,3.93,0.67,1.68
72,2017-04-24,17.72,17.38,17.74,16.97,118317,92825998.0,4.35,-1.92,-0.34,1.54
73,2017-04-25,17.66,17.72,17.95,17.1,130468,104507039.0,4.89,1.96,0.34,1.7
74,2017-04-26,17.91,17.61,17.95,17.5,75492,60753994.0,2.54,-0.62,-0.11,0.98
75,2017-04-27,17.63,18.17,18.28,17.25,131777,106915475.0,5.85,3.18,0.56,1.72
76,2017-04-28,18.15,18.84,18.88,18.15,146774,125758531.0,4.02,3.69,0.67,1.91
77,2017-05-03,19.31,20.47,20.47,19.22,663744,620668656.0,6.63,8.65,1.63,8.66
78,2017-05-04,22.27,22.27,22.27,21.31,488094,512200592.0,4.69,8.79,1.8,6.37
79,2017-05-05,23.75,23.79,24.24,22.85,1611423,1822798336.0,6.24,6.83,1.52,21.02
80,2017-05-08,23.47,21.73,24.98,21.67,1424817,1535259008.0,13.91,-8.66,-2.06,18.59
81,2017-05-09,21.09,20.92,21.39,19.82,1161588,1108739296.0,7.23,-3.73,-0.81,15.16
82,2017-05-10,20.64,19.46,20.92,19.27,900446,850685360.0,7.89,-6.98,-1.46,11.75
83,2017-05-11,18.97,20.68,20.9,18.92,985607,910047872.0,10.17,6.27,1.22,12.86
84,2017-05-12,20.38,20.06,20.68,19.52,884473,829188112.0,5.61,-3.0,-0.62,11.54
85,2017-05-15,20.51,19.44,20.85,19.27,745352,685626768.0,7.88,-3.09,-0.62,9.72
86,2017-05-16,19.59,19.27,19.59,18.23,767907,663996432.0,7.0,-0.87,-0.17,10.02
87,2017-05-17,18.99,20.45,20.51,18.9,988256,911568064.0,8.35,6.12,1.18,12.89
88,2017-05-18,20.02,19.31,20.15,19.24,723338,661559680.0,4.45,-5.57,-1.14,9.44
89,2017-05-19,19.46,19.46,19.95,19.33,446001,405439728.0,3.21,0.78,0.15,5.82
90,2017-05-22,19.48,20.08,20.62,19.48,832987,782244912.0,5.86,3.19,0.62,10.87
91,2017-05-23,20.08,19.27,20.55,19.09,672821,618355552.0,7.27,-4.03,-0.81,8.78
92,2017-05-24,18.66,18.92,19.03,17.96,520230,445133696.0,5.55,-1.82,-0.35,6.79
93,2017-05-25,18.84,19.05,19.24,18.58,384061,335239840.0,3.49,0.69,0.13,5.01
94,2017-05-26,18.97,18.79,19.14,18.71,335140,292356528.0,2.26,-1.36,-0.26,4.37
95,2017-05-31,18.92,17.78,19.05,17.7,462133,390993824.0,7.18,-5.38,-1.01,6.03
96,2017-06-01,17.7,17.46,17.76,17.29,382560,304267872.0,2.64,-1.8,-0.32,4.99
97,2017-06-02,17.37,17.44,17.59,17.01,269355,211568724.0,3.32,-0.11,-0.02,3.51
98,2017-06-05,17.5,17.46,17.7,17.23,225321,178937472.0,2.69,0.11,0.02,2.94
99,2017-06-06,17.37,17.46,17.61,17.31,193609,153445804.0,1.72,0.0,0.0,2.53
100,2017-06-07,17.46,17.83,17.85,17.44,323062,260272871.0,2.35,2.12,0.37,4.22
101,2017-06-08,17.78,18.23,18.47,17.65,383407,316073456.0,4.6,2.24,0.4,5.0
102,2017-06-09,18.1,18.0,18.54,17.98,261700,217884183.0,3.07,-1.26,-0.23,3.41
103,2017-06-12,17.91,17.31,17.93,17.29,241491,193170789.0,3.56,-3.83,-0.69,3.15
104,2017-06-13,17.37,17.65,17.81,17.31,239938,192628716.0,2.89,1.96,0.34,3.13
105,2017-06-14,17.59,17.78,18.0,17.4,305505,247497071.0,3.4,0.74,0.13,3.99
106,2017-06-15,17.66,18.39,18.51,17.66,419078,349617120.0,4.78,3.43,0.61,5.47
107,2017-06-16,18.38,18.21,18.49,18.1,276064,231103463.0,2.12,-0.98,-0.18,3.6
108,2017-06-19,18.02,19.76,19.76,17.98,486465,425863760.0,9.77,8.51,1.55,6.35
109,2017-06-20,20.38,20.32,21.17,20.0,1076633,1032610208.0,5.92,2.83,0.56,14.05
110,2017-06-21,20.12,20.66,21.54,19.84,893515,868550640.0,8.37,1.67,0.34,11.66
111,2017-06-22,20.34,19.82,20.51,19.78,603236,565540448.0,3.53,-4.07,-0.84,7.87
112,2017-06-23,19.78,19.61,20.15,19.12,479301,435393072.0,5.2,-1.06,-0.21,6.25
113,2017-06-26,19.61,20.62,20.87,19.41,572628,535559936.0,7.45,5.15,1.01,7.47
114,2017-06-27,20.45,20.9,21.31,20.38,605683,593651616.0,4.51,1.36,0.28,7.9
115,2017-06-28,20.98,21.6,22.25,20.98,792977,808092160.0,6.08,3.35,0.7,10.35
116,2017-06-29,21.65,21.78,21.99,21.35,563826,574645200.0,2.96,0.83,0.18,7.36
117,2017-06-30,21.8,21.45,22.36,21.35,516858,533003104.0,4.64,-1.52,-0.33,6.74
118,2017-07-03,21.48,23.34,23.34,21.48,768440,823404048.0,8.67,8.81,1.89,10.03
119,2017-07-04,23.34,23.11,23.71,22.53,649416,709505600.0,5.06,-0.99,-0.23,8.47
120,2017-07-05,23.19,23.82,24.09,22.98,711988,799502880.0,4.8,3.07,0.71,9.29
121,2017-07-06,23.75,25.34,25.88,23.34,816209,962472000.0,10.66,6.38,1.52,10.65
122,2017-07-07,25.06,26.76,26.86,24.68,689202,847921760.0,8.6,5.6,1.42,8.99
123,2017-07-10,26.78,28.84,29.18,26.31,1139329,1555010592.0,10.72,7.77,2.08,14.87
124,2017-07-11,28.45,27.12,28.67,26.95,1009376,1359641968.0,5.96,-5.96,-1.72,13.17
125,2017-07-12,27.49,27.47,27.75,25.98,946743,1231209520.0,6.53,1.29,0.35,12.35
126,2017-07-13,27.27,27.19,27.6,26.73,643969,846645200.0,3.17,-1.02,-0.28,8.4
127,2017-10-09,29.65,29.65,29.65,29.65,31404,45378390.0,0.0,9.05,2.46,0.41
128,2017-10-10,32.36,30.64,32.36,29.66,1188427,1819439968.0,9.11,3.34,0.99,15.51
129,2017-10-11,30.36,32.47,33.3,30.36,805099,1269822480.0,9.6,5.97,1.83,10.5
130,2017-10-12,31.65,32.75,32.92,30.88,707280,1102810672.0,6.28,0.86,0.28,9.23
131,2017-10-13,32.81,31.18,32.85,31.07,571163,888612944.0,5.44,-4.79,-1.57,7.45
132,2017-10-16,31.61,31.46,32.72,31.29,447662,702104976.0,4.59,0.9,0.28,5.84
133,2017-10-17,31.07,31.11,32.12,30.75,377524,581389024.0,4.35,-1.11,-0.35,4.93
134,2017-10-18,31.14,28.78,31.31,28.69,557235,810323808.0,8.42,-7.49,-2.33,7.27
135,2017-10-19,28.2,27.77,28.43,27.29,403704,543801728.0,3.96,-3.51,-1.01,5.27
136,2017-10-20,27.83,29.25,29.53,27.6,402639,560377552.0,6.95,5.33,1.48,5.25
137,2017-10-23,28.78,28.37,29.2,28.3,280769,391359616.0,3.08,-3.01,-0.88,3.66
138,2017-10-24,28.8,28.82,29.93,28.52,381301,541411552.0,4.97,1.59,0.45,4.97
139,2017-10-25,28.69,28.11,29.07,27.77,395516,542426160.0,4.51,-2.46,-0.71,5.16
140,2017-10-26,27.57,27.75,28.2,27.06,381792,510593328.0,4.06,-1.28,-0.36,4.98
141,2017-10-27,27.31,27.25,28.0,27.14,294153,390999776.0,3.1,-1.8,-0.5,3.84
142,2017-10-30,27.31,25.25,27.46,25.15,422896,528489472.0,8.48,-7.34,-2.0,5.52
143,2017-10-31,25.13,25.73,25.9,25.13,257298,315189040.0,3.05,1.9,0.48,3.36
144,2017-11-01,26.07,25.56,26.59,25.45,318900,400570576.0,4.43,-0.66,-0.17,4.16
145,2017-11-02,25.9,25.81,26.31,25.58,294868,367392272.0,2.86,0.98,0.25,3.85
146,2017-11-03,25.79,24.63,25.94,24.33,337624,404025616.0,6.24,-4.57,-1.18,4.41
147,2017-11-06,25.15,26.84,26.84,24.74,575328,715197776.0,8.53,8.97,2.21,7.51
148,2017-11-07,26.93,28.93,29.27,26.93,889738,1225820688.0,8.72,7.79,2.09,11.61
149,2017-11-08,28.54,29.42,29.72,28.24,575323,811888896.0,5.12,1.69,0.49,7.51
150,2017-11-09,29.89,29.38,30.86,29.16,576569,845223312.0,5.78,-0.14,-0.04,7.52
151,2017-11-10,29.29,29.74,30.0,28.75,475224,682057824.0,4.25,1.23,0.36,6.2
152,2017-11-13,29.7,31.27,31.95,28.88,682163,1010368704.0,10.32,5.14,1.53,8.9
153,2017-11-14,31.55,31.44,33.11,31.29,619439,977606848.0,5.82,0.54,0.17,8.08
154,2017-11-15,30.69,29.85,31.29,29.5,484053,717429600.0,5.69,-5.06,-1.59,6.32
155,2017-11-16,30.13,31.44,31.8,29.38,528848,792377712.0,8.11,5.33,1.59,6.9
156,2017-11-17,31.01,29.81,31.39,28.88,450555,669253408.0,7.98,-5.18,-1.63,5.88
157,2017-11-20,29.29,31.5,31.57,28.3,496718,729480896.0,10.97,5.67,1.69,6.48
158,2017-11-21,31.22,31.16,32.28,30.88,512953,792080368.0,4.44,-1.08,-0.34,6.69
159,2017-11-22,31.99,33.0,33.45,31.57,782044,1250271568.0,6.03,5.91,1.84,10.2
160,2017-11-23,32.83,31.44,33.71,31.31,618071,992411808.0,7.27,-4.73,-1.56,8.06
161,2017-11-24,30.67,31.39,31.76,30.34,394060,600674160.0,4.52,-0.16,-0.05,5.14
162,2017-11-27,32.0,30.6,32.68,30.53,493396,768470640.0,6.85,-2.52,-0.79,6.44
163,2017-11-28,30.21,33.33,33.41,29.8,832897,1321276816.0,11.8,8.92,2.73,10.87
164,2017-11-29,33.45,34.03,34.87,33.03,965955,1611195344.0,5.52,2.1,0.7,12.6
165,2017-11-30,34.12,33.89,35.26,33.52,746823,1265472160.0,5.11,-0.41,-0.14,9.74
166,2017-12-01,33.8,34.01,34.23,32.64,532605,879695744.0,4.69,0.35,0.12,6.95
167,2017-12-04,34.61,32.79,34.77,32.7,469760,779089984.0,6.09,-3.59,-1.22,6.13
168,2017-12-05,33.07,31.16,33.26,30.11,559286,871911504.0,9.61,-4.97,-1.63,7.3
169,2017-12-06,30.3,30.17,30.51,28.65,661034,957966544.0,5.97,-3.18,-0.99,8.62
170,2017-12-07,30.11,29.23,30.53,29.18,451172,657277520.0,4.47,-3.12,-0.94,5.89
171,2017-12-08,28.75,29.91,30.04,28.39,493100,705942320.0,5.64,2.33,0.68,6.43
172,2017-12-11,29.85,29.89,30.02,29.4,344854,499816576.0,2.07,-0.07,-0.02,4.5
173,2017-12-12,30.04,30.08,31.12,29.74,514712,762720032.0,4.62,0.64,0.19,6.72
174,2017-12-13,29.46,30.08,30.26,29.2,342736,496987440.0,3.52,0.0,0.0,4.47
175,2017-12-14,30.02,30.13,30.45,29.68,341792,501475616.0,2.56,0.17,0.05,4.46
176,2017-12-15,30.02,29.31,30.02,28.78,460429,656918016.0,4.12,-2.72,-0.82,6.01
177,2017-12-18,29.91,29.96,30.06,29.27,375557,544348384.0,2.7,2.22,0.65,4.9
178,2017-12-19,29.8,29.61,29.89,29.18,260426,374640912.0,2.37,-1.17,-0.35,3.4
179,2017-12-20,29.44,27.83,29.51,27.51,460313,632304144.0,6.75,-6.01,-1.78,6.01
180,2017-12-21,27.68,28.19,28.39,27.51,298472,406274448.0,3.16,1.29,0.36,3.89
181,2017-12-22,28.33,28.19,28.67,28.02,272034,374434832.0,2.31,0.0,0.0,3.55
182,2017-12-25,27.79,26.87,27.81,26.8,324711,425344464.0,3.58,-4.68,-1.32,4.24
183,2017-12-26,26.99,27.1,27.19,26.46,255530,331779744.0,2.72,0.86,0.23,3.33
184,2017-12-27,27.01,27.29,28.22,26.84,348838,464654416.0,5.09,0.7,0.19,4.55
185,2017-12-28,26.99,28.28,29.07,26.84,501718,678620992.0,8.17,3.63,0.99,6.55
186,2017-12-29,28.26,28.17,28.56,27.79,289082,394085248.0,2.72,-0.39,-0.11,3.77
187,2018-01-02,28.26,29.78,30.09,27.79,591201,839421808.0,8.16,5.72,1.61,7.71
188,2018-01-03,29.68,29.81,30.62,29.36,516913,756263968.0,4.23,0.1,0.03,6.74
189,2018-01-04,29.74,30.56,31.52,29.27,531849,790370576.0,7.55,2.52,0.75,6.94
190,2018-01-05,30.11,29.89,30.99,29.76,403046,594853968.0,4.02,-2.19,-0.67,5.26
191,2018-01-08,29.61,30.64,31.18,29.59,533858,797655936.0,5.32,2.51,0.75,6.97
192,2018-01-09,30.67,30.11,30.86,29.76,369425,544236656.0,3.59,-1.73,-0.53,4.82
193,2018-01-10,29.78,30.26,30.77,29.48,434266,638801552.0,4.28,0.5,0.15,5.67
194,2018-01-11,29.74,28.92,29.85,28.67,437292,621948736.0,3.9,-4.43,-1.34,5.71
195,2018-01-12,28.93,28.8,29.74,28.37,381953,539589856.0,4.74,-0.41,-0.12,4.98
196,2018-01-15,28.26,27.21,28.28,26.93,382880,507562800.0,4.69,-5.52,-1.59,5.0
197,2018-01-16,27.21,27.47,27.64,27.08,243183,321944704.0,2.06,0.96,0.26,3.17
198,2018-01-17,27.42,28.22,28.52,27.01,397895,537314704.0,5.5,2.73,0.75,5.19
199,2018-01-18,28.07,28.37,28.71,27.9,294697,404732224.0,2.87,0.53,0.15,3.84
200,2018-01-19,28.24,28.82,28.95,28.17,320570,445460208.0,2.75,1.59,0.45,4.18
201,2018-01-22,28.99,29.91,30.08,28.99,502146,727703648.0,3.78,3.78,1.09,6.55
202,2018-01-23,29.48,29.63,29.66,28.92,406309,579219040.0,2.47,-0.94,-0.28,5.3
203,2018-01-24,29.55,30.23,30.38,29.38,513810,752208224.0,3.37,2.02,0.6,6.7
204,2018-01-25,30.26,29.87,30.45,29.55,351272,513872752.0,2.98,-1.19,-0.36,4.58
205,2018-01-26,29.7,29.33,29.7,29.01,273269,389880896.0,2.31,-1.81,-0.54,3.57
206,2018-01-29,29.44,29.27,29.81,29.08,438928,630265264.0,2.49,-0.2,-0.06,5.73
207,2018-01-30,29.08,28.58,29.08,28.35,287624,401027104.0,2.49,-2.36,-0.69,3.75
208,2018-01-31,28.22,28.32,29.08,28.05,262793,365455280.0,3.6,-0.91,-0.26,3.43
209,2018-02-01,28.62,28.84,29.87,28.41,440400,626296016.0,5.16,1.84,0.52,5.75
210,2018-02-02,28.71,30.02,30.21,27.4,525236,748869520.0,9.74,4.09,1.18,6.85
211,2018-02-05,29.4,32.77,32.77,29.2,877337,1368193392.0,11.89,9.16,2.75,11.45
212,2018-02-06,32.34,32.19,34.12,32.02,923670,1503310736.0,6.41,-1.77,-0.58,12.05
213,2018-02-07,33.75,31.16,34.19,30.66,754408,1204181264.0,10.97,-3.2,-1.03,9.84
214,2018-02-08,30.75,31.87,32.17,30.08,572235,872773616.0,6.71,2.28,0.71,7.47
215,2018-02-09,30.67,29.33,31.61,28.95,547543,803575168.0,8.35,-7.97,-2.54,7.14
216,2018-02-12,29.08,29.66,29.72,28.0,363219,512701408.0,5.86,1.13,0.33,4.74
217,2018-02-13,29.85,31.22,31.61,29.36,523060,782985472.0,7.59,5.26,1.56,6.82
218,2018-02-14,31.05,32.34,32.79,30.66,479058,747392720.0,6.82,3.59,1.12,6.25
219,2018-02-22,32.49,33.07,33.15,31.63,459723,728337120.0,4.7,2.26,0.73,6.0
220,2018-02-23,32.64,32.79,33.63,31.87,511559,821471008.0,5.32,-0.85,-0.28,6.67
221,2018-02-26,33.48,33.69,34.12,32.73,564205,930339184.0,4.24,2.74,0.9,7.36
222,2018-02-27,33.48,32.06,33.48,31.89,462492,737167952.0,4.72,-4.84,-1.63,6.03
223,2018-02-28,31.42,32.28,32.58,31.24,355077,559714304.0,4.18,0.69,0.22,4.63
224,2018-03-01,31.85,33.75,34.04,31.67,580109,948723248.0,7.34,4.55,1.47,7.57
225,2018-03-02,32.88,32.17,33.05,32.08,402901,643325888.0,2.87,-4.68,-1.58,5.26
226,2018-03-05,32.25,30.23,32.49,29.36,515406,778430544.0,9.73,-6.03,-1.94,6.72
227,2018-03-06,30.32,31.37,31.5,29.87,407917,611226352.0,5.39,3.77,1.14,5.32
228,2018-03-07,30.96,30.32,31.27,30.04,291655,436305984.0,3.92,-3.35,-1.05,3.81
229,2018-03-08,29.89,30.15,30.64,29.59,253911,372773824.0,3.46,-0.56,-0.17,3.31
230,2018-03-09,30.02,29.83,30.02,29.07,429214,614998112.0,3.15,-1.06,-0.32,5.6
231,2018-03-12,29.57,30.94,31.14,29.48,473042,705206128.0,5.56,3.72,1.11,6.17
232,2018-03-16,32.38,31.31,32.49,31.22,545065,852923744.0,4.1,1.2,0.37,7.11
233,2018-03-19,30.64,30.09,30.64,29.74,358344,526462480.0,2.87,-3.9,-1.22,4.68
234,2018-03-20,29.53,30.3,30.79,29.38,254103,374905664.0,4.69,0.7,0.21,3.32
235,2018-03-21,30.38,29.76,30.77,29.63,266830,393876352.0,3.76,-1.78,-0.54,3.48
236,2018-03-22,29.83,28.9,30.02,28.78,273601,388267056.0,4.17,-2.89,-0.86,3.57
237,2018-03-23,27.02,26.28,28.05,26.28,379990,496073712.0,6.12,-9.07,-2.62,4.96
238,2018-03-26,25.43,25.79,25.83,24.7,308797,376277136.0,4.3,-1.86,-0.49,4.03
239,2018-03-27,26.46,26.05,26.74,25.71,310099,391259760.0,3.99,1.01,0.26,4.05
240,2018-03-28,25.19,25.7,26.58,25.1,208310,259219727.0,5.68,-1.34,-0.35,2.72
241,2018-03-29,25.99,27.32,27.77,25.43,500078,643402096.0,9.11,6.3,1.62,6.52
242,2018-03-30,26.93,27.12,27.64,26.61,367837,479760512.0,3.77,-0.73,-0.2,4.8
243,2018-04-02,27.27,26.97,27.83,26.8,340483,449722880.0,3.8,-0.55,-0.15,4.44
244,2018-04-03,26.18,25.85,26.5,25.51,317677,396552640.0,3.67,-4.15,-1.12,4.14
245,2018-04-04,26.03,25.23,26.14,25.04,333523,410433776.0,4.26,-2.4,-0.62,4.35
246,2018-04-09,25.08,25.47,25.68,24.89,229757,279456032.0,3.13,0.95,0.24,3.0
247,2018-04-10,25.83,26.59,27.01,25.66,377465,481194928.0,5.3,4.4,1.12,4.92
248,2018-04-11,27.31,26.65,27.46,26.37,307884,396683120.0,4.1,0.23,0.06,4.02
249,2018-04-12,26.48,26.31,26.61,26.11,214848,272443200.0,1.88,-1.28,-0.34,2.8
250,2018-04-13,26.37,26.65,26.73,26.33,214024,273794224.0,1.52,1.29,0.34,2.79
251,2018-04-16,26.74,25.75,26.8,25.43,264601,329401296.0,5.14,-3.38,-0.9,3.45
252,2018-04-17,25.68,25.86,26.33,25.34,209123,259952597.0,3.84,0.43,0.11,2.73
253,2018-04-18,26.22,25.99,26.46,25.53,299904,373407888.0,3.6,0.5,0.13,3.91
254,2018-04-19,26.03,26.61,26.67,25.71,382690,482379664.0,3.69,2.39,0.62,4.99
255,2018-04-20,26.37,25.43,26.37,25.17,338285,209006239.0,4.51,-4.43,-1.18,2.21
256,2018-04-23,25.06,24.61,25.21,23.67,682179,396821776.0,6.06,-3.22,-0.82,4.45
257,2018-04-24,24.95,25.21,25.81,24.8,721965,439483120.0,4.1,2.44,0.6,4.71
258,2018-04-25,24.8,24.72,24.83,24.39,449742,264231142.0,1.75,-1.94,-0.49,2.93
259,2018-04-26,24.65,24.24,24.68,24.09,385654,224124798.0,2.39,-1.94,-0.48,2.52
260,2018-04-27,24.39,23.6,24.53,23.49,347983,198657038.0,4.29,-2.64,-0.64,2.27
261,2018-05-02,22.06,21.5,22.44,21.5,911144,466882672.0,3.98,-8.9,-2.1,5.94
262,2018-05-03,21.31,21.43,21.58,20.98,464631,231659085.0,2.79,-0.33,-0.07,3.03
263,2018-05-04,21.31,20.83,21.35,20.75,341667,168581072.0,2.8,-2.8,-0.6,2.23
264,2018-05-07,20.94,20.87,20.98,20.6,422970,206024544.0,1.82,0.19,0.04,2.76
265,2018-05-08,20.87,20.9,21.28,20.75,462286,227270037.0,2.54,0.14,0.03,3.02
266,2018-05-09,20.87,20.45,20.9,20.27,523924,251019353.0,3.01,-2.15,-0.45,3.42
267,2018-05-10,20.64,20.94,21.09,20.42,618272,300951568.0,3.28,2.4,0.49,4.03
268,2018-05-11,20.98,20.75,21.09,20.64,378250,184267990.0,2.15,-0.91,-0.19,2.47
269,2018-05-14,20.68,20.42,20.75,20.27,365135,173981602.0,2.31,-1.59,-0.33,2.38
270,2018-05-15,20.49,20.53,20.6,20.3,303111,144689669.0,1.47,0.54,0.11,1.98
271,2018-05-16,20.42,20.19,20.42,20.12,287219,135447918.0,1.46,-1.66,-0.34,1.87
272,2018-05-17,20.19,19.93,20.19,19.85,276696,128347873.0,1.68,-1.29,-0.26,1.81
273,2018-05-18,19.93,19.93,19.93,19.67,272815,125435689.0,1.3,0.0,0.0,1.78
274,2018-05-21,20.38,20.12,20.53,20.04,376392,177472335.0,2.46,0.95,0.19,2.46
275,2018-05-22,20.0,20.38,20.45,19.78,477544,223503968.0,3.33,1.29,0.26,3.12
276,2018-05-23,20.19,19.85,20.23,19.82,295491,137099686.0,2.01,-2.6,-0.53,1.93
277,2018-05-24,19.85,19.82,19.93,19.74,183424,84357503.0,0.96,-0.15,-0.03,1.2
278,2018-05-25,19.78,19.22,19.85,19.14,342297,154071768.0,3.58,-3.03,-0.6,2.23
279,2018-05-28,19.14,18.92,19.14,18.84,229823,100657210.0,1.56,-1.56,-0.3,1.5
280,2018-05-29,18.84,19.14,19.41,18.36,531012,231732928.0,5.55,1.16,0.22,3.46
281,2018-05-30,18.69,18.47,19.63,18.24,410533,176178469.0,7.26,-3.5,-0.67,2.68
282,2018-05-31,18.69,18.73,18.92,18.43,283225,121635770.0,2.65,1.41,0.26,1.85
283,2018-06-01,18.66,18.84,19.33,18.58,450340,197328147.0,4.0,0.59,0.11,2.94
284,2018-06-04,18.77,18.58,18.96,18.54,247954,106599954.0,2.23,-1.38,-0.26,1.62
285,2018-06-05,18.66,18.66,18.69,18.36,252953,107630129.0,1.78,0.43,0.08,1.65
286,2018-06-06,18.73,18.88,19.11,18.58,384592,167636830.0,2.84,1.18,0.22,2.51
287,2018-06-07,19.14,19.41,19.59,19.03,676666,302203920.0,2.97,2.81,0.53,4.41
288,2018-06-08,19.29,19.03,19.48,18.99,434371,192123293.0,2.52,-1.96,-0.38,2.83
289,2018-06-11,18.92,20.0,20.34,18.73,807452,370582192.0,8.46,5.1,0.97,5.27
290,2018-06-12,20.0,20.0,20.15,19.52,594561,274527184.0,3.15,0.0,0.0,3.88
291,2018-06-13,19.89,21.13,21.46,19.74,1257369,612013136.0,8.6,5.65,1.13,8.2
292,2018-06-14,20.9,22.33,22.81,20.6,1299893,654237680.0,10.46,5.68,1.2,8.48
293,2018-06-15,21.95,21.91,22.81,21.76,1206828,634678560.0,4.7,-1.88,-0.42,7.87
294,2018-06-19,21.65,20.12,21.65,19.97,932624,449066112.0,7.67,-8.17,-1.79,6.08
295,2018-06-20,20.08,21.88,21.88,20.08,1114858,551447936.0,8.95,8.75,1.76,7.27
296,2018-06-21,22.14,22.33,23.49,21.65,1714850,913580848.0,8.41,2.06,0.45,11.19
297,2018-06-22,22.14,23.41,23.67,21.39,1479478,796211648.0,10.21,4.84,1.08,9.65
298,2018-06-25,22.63,23.19,23.64,22.59,1061175,581311824.0,4.49,-0.94,-0.22,6.92
299,2018-06-26,22.78,22.55,22.89,21.65,899702,474929168.0,5.35,-2.76,-0.64,5.87
300,2018-06-27,22.63,21.58,22.78,21.39,722750,374027056.0,6.16,-4.3,-0.97,4.71
301,2018-06-28,21.73,21.88,22.36,21.46,668779,345680896.0,4.17,1.39,0.3,4.36
302,2018-06-29,21.95,21.95,22.18,21.2,746398,382169152.0,4.48,0.32,0.07,4.87
303,2018-07-02,21.69,21.17,21.8,20.6,717255,357117952.0,5.47,-3.55,-0.78,4.68
304,2018-07-03,21.05,20.75,21.24,20.23,644423,312778448.0,4.77,-1.98,-0.42,4.2
305,2018-07-04,21.13,20.98,21.84,20.94,826750,414280800.0,4.34,1.11,0.23,5.39
306,2018-07-05,20.57,19.48,20.57,19.29,777619,357135184.0,6.1,-7.15,-1.5,5.07
307,2018-07-06,19.18,19.59,20.08,19.11,568895,258887244.0,4.98,0.56,0.11,3.71
308,2018-07-09,19.71,20.0,20.04,19.59,514967,236962613.0,2.3,2.09,0.41,3.36
309,2018-07-10,20.08,20.3,20.75,19.93,637537,302166880.0,4.1,1.5,0.3,4.16
310,2018-07-11,19.63,19.82,19.89,19.22,564879,256243970.0,3.3,-2.36,-0.48,3.69
311,2018-07-12,20.04,20.23,20.42,19.97,588495,276699168.0,2.27,2.07,0.41,3.84
312,2018-07-13,20.34,20.27,20.75,19.78,614653,289315488.0,4.79,0.2,0.04,4.01
313,2018-07-16,20.08,19.93,20.12,19.82,343213,159149744.0,1.48,-1.68,-0.34,2.24
314,2018-07-17,19.85,19.63,19.89,19.44,340314,154217692.0,2.26,-1.51,-0.3,2.22
315,2018-07-18,19.63,19.48,19.82,19.44,247586,112750972.0,1.94,-0.76,-0.15,1.62
316,2018-07-19,19.63,19.63,19.97,19.56,431182,198151523.0,2.1,0.77,0.15,2.81
317,2018-07-20,19.44,19.82,20.08,19.18,470500,213364663.0,4.58,0.97,0.19,3.07
318,2018-07-23,19.63,20.3,20.64,19.52,684218,320421120.0,5.65,2.42,0.48,4.46
319,2018-07-24,20.94,21.2,21.91,20.72,1091426,545471984.0,5.86,4.43,0.9,7.12
320,2018-07-25,21.05,22.18,22.36,20.83,1360382,692482384.0,7.22,4.62,0.98,8.87
321,2018-07-26,21.84,21.65,22.1,21.5,788472,403016624.0,2.71,-2.39,-0.53,5.14
322,2018-07-27,22.66,23.15,23.56,21.88,1819777,989129904.0,7.76,6.93,1.5,11.87
323,2018-07-30,22.81,23.19,23.75,22.63,1395171,769195616.0,4.84,0.17,0.04,9.1
324,2018-07-31,22.85,22.66,23.19,22.14,849962,454656480.0,4.53,-2.29,-0.53,5.54
325,2018-08-01,23.11,22.21,23.64,22.18,1160319,632138832.0,6.44,-1.99,-0.45,7.57
326,2018-08-02,22.1,24.16,24.16,21.95,1779802,971563328.0,9.95,8.78,1.95,11.61
327,2018-08-03,23.56,23.71,24.83,23.34,1623083,926854560.0,6.17,-1.86,-0.45,10.59
328,2018-08-06,23.71,24.31,24.68,23.19,1316945,752695024.0,6.28,2.53,0.6,8.59
329,2018-08-07,24.27,25.25,25.32,23.86,1348826,792962048.0,6.01,3.87,0.94,8.8
330,2018-08-08,24.87,25.85,26.93,24.76,1621679,1009688880.0,8.59,2.38,0.6,10.58
331,2018-08-09,25.51,26.11,26.18,24.91,1147468,704920560.0,4.91,1.01,0.26,7.49
332,2018-08-10,25.88,25.81,26.52,25.58,787585,491095280.0,3.6,-1.15,-0.3,5.14
333,2018-08-13,25.43,26.07,26.14,25.1,951279,585866704.0,4.03,1.01,0.26,6.21
334,2018-08-14,26.03,25.21,26.33,25.17,820224,504049872.0,4.45,-3.3,-0.86,5.35
335,2018-08-15,25.32,24.31,25.58,24.16,847353,500813232.0,5.63,-3.57,-0.9,5.53
336,2018-08-16,23.86,24.05,24.46,23.67,510428,293839792.0,3.25,-1.07,-0.26,3.33
337,2018-08-17,24.5,24.01,24.57,23.67,576968,332390704.0,3.74,-0.17,-0.04,3.76
338,2018-08-20,24.05,24.12,24.24,22.85,624424,351052592.0,5.79,0.46,0.11,4.07
339,2018-08-21,23.86,24.5,24.8,23.6,737230,426845472.0,4.98,1.58,0.38,4.81
340,2018-08-22,24.42,24.31,24.91,24.27,598135,351457568.0,2.61,-0.78,-0.19,3.9
341,2018-08-23,24.01,23.75,24.27,23.26,608525,343080688.0,4.15,-2.3,-0.56,3.97
342,2018-08-24,22.63,21.73,23.0,21.65,1379705,726445824.0,5.68,-8.51,-2.02,9.0
343,2018-08-27,21.58,21.8,21.84,20.87,948559,475753904.0,4.46,0.32,0.07,6.19
344,2018-08-28,21.73,21.69,22.06,21.5,648899,332205696.0,2.57,-0.5,-0.11,4.23
345,2018-08-29,21.61,21.54,21.95,21.46,395379,202014661.0,2.26,-0.69,-0.15,2.58
346,2018-08-30,21.58,20.87,21.69,20.83,512289,252772688.0,3.99,-3.11,-0.67,3.34
347,2018-08-31,20.87,20.72,21.13,20.68,349457,170765384.0,2.16,-0.72,-0.15,2.28
348,2018-09-03,20.83,20.9,21.09,20.12,467364,224144350.0,4.68,0.87,0.18,3.05
349,2018-09-04,20.87,21.17,21.24,20.72,449404,221045812.0,2.49,1.29,0.27,2.93
350,2018-09-05,20.98,20.45,21.09,20.45,391981,190562582.0,3.02,-3.4,-0.72,2.56
351,2018-09-06,20.34,20.38,20.72,20.23,268687,128470775.0,2.4,-0.34,-0.07,1.75
352,2018-09-07,20.64,20.9,21.05,20.38,499794,243262373.0,3.29,2.55,0.52,3.26
353,2018-09-10,20.94,21.2,21.5,20.49,603943,296832000.0,4.83,1.44,0.3,3.94
354,2018-09-11,20.94,20.6,21.02,20.49,491302,237725519.0,2.5,-2.83,-0.6,3.21
355,2018-09-12,20.6,20.3,20.6,20.27,279443,132756793.0,1.6,-1.46,-0.3,1.82
356,2018-09-13,20.45,20.19,20.57,19.85,417243,195118407.0,3.55,-0.54,-0.11,2.72
357,2018-09-14,20.19,20.04,20.38,19.93,299349,140118955.0,2.23,-0.74,-0.15,1.95
358,2018-09-17,19.89,19.48,20.0,19.44,260609,118548966.0,2.79,-2.79,-0.56,1.7
359,2018-09-18,19.52,20.57,20.68,19.44,599977,280141184.0,6.37,5.6,1.09,3.91
360,2018-09-19,20.57,20.45,20.72,20.23,494097,236159763.0,2.38,-0.58,-0.12,3.22
361,2018-09-20,20.42,20.72,21.17,20.3,538632,261691418.0,4.25,1.32,0.27,3.51
362,2018-09-21,20.79,20.87,20.98,20.42,467975,227349713.0,2.7,0.72,0.15,3.05
363,2018-09-25,20.75,20.57,20.79,20.49,253001,121803134.0,1.44,-1.44,-0.3,1.65
364,2018-09-26,20.6,20.64,20.87,20.49,279623,135137537.0,1.85,0.34,0.07,1.82
365,2018-09-27,20.64,20.75,21.02,20.49,437650,213094429.0,2.57,0.53,0.11,2.86
366,2018-09-28,20.49,20.57,20.68,20.19,394959,188366709.0,2.36,-0.87,-0.18,2.58
367,2018-10-08,20.27,19.78,20.38,19.74,294082,137124431.0,3.11,-3.84,-0.79,1.92
368,2018-10-09,19.71,19.82,20.04,19.71,176082,81227505.0,1.67,0.2,0.04,1.15
369,2018-10-10,19.85,19.93,20.15,19.78,228753,106099734.0,1.87,0.55,0.11,1.49
370,2018-10-11,19.18,18.21,19.37,18.21,601651,256530097.0,5.82,-8.63,-1.72,3.92
371,2018-10-12,17.65,18.62,18.73,16.67,756190,305967568.0,11.31,2.25,0.41,4.93
372,2018-10-15,18.54,18.1,18.54,17.8,353168,146815620.0,3.97,-2.79,-0.52,2.3
373,2018-10-16,18.02,17.91,18.28,17.65,239243,98169770.0,3.48,-1.05,-0.19,1.56
374,2018-10-17,18.28,17.98,18.39,17.57,204275,83722441.0,4.58,0.39,0.07,1.33
375,2018-10-18,17.83,17.23,17.83,17.16,210592,83728113.0,3.73,-4.17,-0.75,1.37
376,2018-10-19,17.01,17.31,17.5,16.45,264513,102610013.0,6.09,0.46,0.08,1.73
377,2018-10-22,17.38,18.24,18.32,17.38,391684,160387783.0,5.43,5.37,0.93,2.56
378,2018-10-23,18.13,17.95,18.28,17.61,356970,146653760.0,3.67,-1.59,-0.29,2.33
379,2018-10-24,17.8,18.13,18.21,17.76,334653,138024305.0,2.51,1.0,0.18,2.18
380,2018-10-25,17.61,18.51,18.81,17.42,469153,196049173.0,7.67,2.1,0.38,3.06
381,2018-10-26,18.54,18.77,19.37,18.32,549241,238517046.0,5.67,1.4,0.26,3.58
382,2018-10-29,18.58,18.1,18.81,17.98,328925,137766680.0,4.42,-3.57,-0.67,2.15
383,2018-10-30,17.98,18.13,18.36,17.65,262614,108434870.0,3.92,0.17,0.03,1.71
384,2018-10-31,18.13,18.43,18.62,18.02,321952,135764780.0,3.31,1.65,0.3,2.1
385,2018-11-01,18.43,18.21,18.66,18.17,359676,151801493.0,2.66,-1.19,-0.22,2.35
386,2018-11-02,18.36,18.54,18.54,18.17,383414,161883205.0,2.03,1.81,0.33,2.5
387,2018-11-05,18.47,18.43,18.62,18.21,291738,123142957.0,2.21,-0.59,-0.11,1.9
388,2018-11-06,18.51,18.77,18.96,18.39,466414,201126427.0,3.09,1.84,0.34,3.04
389,2018-11-07,18.69,18.39,18.73,18.32,329942,140271897.0,2.18,-2.02,-0.38,2.15
390,2018-11-08,18.51,18.28,18.58,18.21,213555,89736618.0,2.01,-0.6,-0.11,1.39
391,2018-11-09,18.21,17.98,18.28,17.95,198276,82071488.0,1.81,-1.64,-0.3,1.29
392,2018-11-12,17.87,18.21,18.24,17.8,223336,92208833.0,2.45,1.28,0.23,1.46
393,2018-11-13,17.95,18.43,18.51,17.87,341378,143212250.0,3.51,1.21,0.22,2.23
394,2018-11-14,18.47,19.41,20.0,18.36,1042854,465323376.0,8.9,5.32,0.98,6.8
395,2018-11-15,19.14,19.26,19.29,18.92,589140,260025163.0,1.91,-0.77,-0.15,3.84
396,2018-11-16,19.26,19.14,19.29,18.92,412304,181782787.0,1.92,-0.62,-0.12,2.69
397,2018-11-19,19.11,19.11,19.14,18.77,347686,151457049.0,1.93,-0.16,-0.03,2.27
398,2018-11-20,18.96,18.84,19.52,18.81,434718,192343063.0,3.72,-1.41,-0.27,2.84
399,2018-11-21,18.47,18.99,19.29,18.36,476745,206633627.0,4.94,0.8,0.15,3.11
400,2018-11-22,18.77,18.66,18.92,18.62,298325,128471641.0,1.58,-1.74,-0.33,1.95
401,2018-11-23,18.66,17.87,18.69,17.8,352356,146339979.0,4.77,-4.23,-0.79,2.3
402,2018-11-26,17.76,17.57,17.91,17.42,250754,101117257.0,2.74,-1.68,-0.3,1.64
403,2018-11-27,17.72,17.61,17.83,17.5,177315,71184965.0,1.88,0.23,0.04,1.16
404,2018-11-28,17.57,17.65,17.68,17.31,207910,82912219.0,2.1,0.23,0.04,1.36
405,2018-11-29,17.72,17.2,17.83,17.2,243567,97157662.0,3.57,-2.55,-0.45,1.59
406,2018-11-30,17.2,17.31,17.31,17.01,175857,68617167.0,1.74,0.64,0.11,1.15
407,2018-12-03,17.68,17.68,17.83,17.5,317647,127702605.0,1.91,2.14,0.37,2.07
408,2018-12-04,17.68,17.87,18.21,17.61,475005,194411631.0,3.39,1.07,0.19,3.1
409,2018-12-05,17.5,17.68,17.8,17.42,297464,119306161.0,2.13,-1.06,-0.19,1.94
410,2018-12-06,17.57,17.38,17.65,17.35,198161,78728821.0,1.7,-1.7,-0.3,1.29
411,2018-12-07,17.31,17.42,17.46,17.27,126558,49983869.0,1.09,0.23,0.04,0.83
412,2018-12-10,17.31,17.16,17.38,17.16,133598,52285722.0,1.26,-1.49,-0.26,0.87
413,2018-12-11,17.23,17.27,17.35,17.16,85924,33600297.0,1.11,0.64,0.11,0.56
414,2018-12-12,17.31,17.31,17.46,17.23,133853,52768751.0,1.33,0.23,0.04,0.87
415,2018-12-13,17.31,17.53,17.72,17.12,308251,122579654.0,3.47,1.27,0.22,2.01
416,2018-12-14,17.53,17.16,17.53,17.12,223642,87949115.0,2.34,-2.11,-0.37,1.46
417,2018-12-17,17.12,17.27,17.35,17.05,130539,51041650.0,1.75,0.64,0.11,0.85
418,2018-12-18,17.12,17.16,17.27,17.05,115772,45014866.0,1.27,-0.64,-0.11,0.76
419,2018-12-19,17.2,17.12,17.31,17.08,117287,45683454.0,1.34,-0.23,-0.04,0.77
420,2018-12-20,17.05,17.05,17.12,16.9,121044,46628576.0,1.29,-0.41,-0.07,0.79
421,2018-12-21,16.97,16.9,17.05,16.82,109823,41963271.0,1.35,-0.88,-0.15,0.72
422,2018-12-24,16.86,16.93,17.01,16.75,108345,41385667.0,1.54,0.18,0.03,0.71
423,2018-12-25,16.78,16.45,16.78,15.7,267687,97823475.0,6.38,-2.84,-0.48,1.75
424,2018-12-26,16.37,16.15,16.49,16.11,135114,49219035.0,2.31,-1.82,-0.3,0.88
425,2018-12-27,16.34,16.04,16.45,16.04,179069,65392721.0,2.54,-0.68,-0.11,1.17
426,2018-12-28,16.07,15.92,16.15,15.81,136941,48831809.0,2.12,-0.75,-0.12,0.89
427,2019-01-02,15.96,15.74,16.04,15.7,95932,33864652.0,2.14,-1.13,-0.18,0.63
428,2019-01-03,15.74,15.74,15.92,15.74,104756,36978349.0,1.14,0.0,0.0,0.68
429,2019-01-04,15.66,16.07,16.11,15.36,210552,74234717.0,4.76,2.1,0.33,1.37
430,2019-01-07,16.07,16.3,16.3,16.0,219353,79414568.0,1.87,1.43,0.23,1.43
431,2019-01-08,16.3,16.22,16.49,16.11,175821,64235607.0,2.33,-0.49,-0.08,1.15
432,2019-01-09,16.26,16.3,16.6,16.22,266903,98569801.0,2.34,0.49,0.08,1.74
433,2019-01-10,16.26,16.07,16.37,16.07,155543,56536826.0,1.84,-1.41,-0.23,1.01
434,2019-01-11,15.96,16.15,16.22,15.92,130755,47113393.0,1.87,0.5,0.08,0.85
435,2019-01-14,16.19,16.6,17.12,16.11,575724,216995609.0,6.25,2.79,0.45,3.76
436,2019-01-15,16.49,16.56,16.6,16.34,295400,109426094.0,1.57,-0.24,-0.04,1.93
437,2019-01-16,16.56,16.52,16.63,16.34,212475,78719265.0,1.75,-0.24,-0.04,1.39
438,2019-01-17,16.45,16.67,16.97,16.41,393402,148637411.0,3.39,0.91,0.15,2.57
439,2019-01-18,16.71,17.57,17.8,16.6,974511,383737488.0,7.2,5.4,0.9,6.36
440,2019-01-21,17.42,17.27,17.42,17.12,487700,190777582.0,1.71,-1.71,-0.3,3.18
441,2019-01-22,17.31,16.82,17.31,16.75,355985,136338892.0,3.24,-2.61,-0.45,2.32
442,2019-01-23,16.67,16.78,16.93,16.67,189097,71561119.0,1.55,-0.24,-0.04,1.23
443,2019-01-24,16.67,16.71,16.82,16.49,224909,84211537.0,1.97,-0.42,-0.07,1.47
444,2019-01-25,16.67,16.6,17.01,16.6,220888,83725129.0,2.45,-0.66,-0.11,1.44
445,2019-01-28,16.63,16.49,16.75,16.45,163553,61076436.0,1.81,-0.66,-0.11,1.07
446,2019-01-29,16.37,16.67,16.86,15.92,296202,109510062.0,5.7,1.09,0.18,1.93
447,2019-01-30,16.56,16.41,16.75,16.34,185761,69473948.0,2.46,-1.56,-0.26,1.21
448,2019-01-31,16.49,16.15,16.49,16.07,199567,72707730.0,2.56,-1.58,-0.26,1.3
449,2019-02-01,16.26,16.37,16.37,16.22,108256,39635571.0,0.93,1.36,0.22,0.71
450,2019-02-11,16.56,16.78,16.82,16.56,227595,85832984.0,1.59,2.5,0.41,1.48
451,2019-02-12,16.71,17.12,17.38,16.6,445990,171505934.0,4.65,2.03,0.34,2.91
452,2019-02-13,17.05,17.27,17.38,16.9,493870,191843579.0,2.8,0.88,0.15,3.22
453,2019-02-14,17.12,17.16,17.46,17.08,320505,125280440.0,2.2,-0.64,-0.11,2.09
454,2019-02-15,17.05,16.9,17.12,16.86,277228,106476509.0,1.52,-1.52,-0.26,1.81
455,2019-02-18,16.97,17.35,17.35,16.97,427940,166938666.0,2.25,2.66,0.45,2.79
456,2019-02-19,17.42,17.5,17.72,17.16,482543,191606595.0,3.23,0.86,0.15,3.15
457,2019-02-20,17.38,17.76,17.95,17.27,494267,199130830.0,3.89,1.49,0.26,3.22
458,2019-02-21,17.68,17.53,17.95,17.46,463874,186577626.0,2.76,-1.3,-0.23,3.03
459,2019-02-22,17.53,17.68,17.68,17.31,381070,152052635.0,2.11,0.86,0.15,2.49
460,2019-02-25,17.68,18.73,18.96,17.65,1037008,434152176.0,7.41,5.94,1.05,6.77
461,2019-02-26,18.62,19.52,20.34,18.32,1636283,739176960.0,10.78,4.22,0.79,10.67
462,2019-02-27,19.07,19.18,19.78,18.88,967608,432065712.0,4.61,-1.74,-0.34,6.31
463,2019-02-28,18.99,19.29,19.37,18.92,486375,214664860.0,2.35,0.57,0.11,3.17
464,2019-03-01,19.33,19.89,20.15,19.18,920224,421894176.0,5.03,3.11,0.6,6.0
465,2019-03-04,19.85,20.45,21.05,19.85,1326229,627636064.0,6.03,2.82,0.56,8.65
466,2019-03-05,20.23,20.38,20.42,20.0,721392,339404784.0,2.05,-0.34,-0.07,4.71
467,2019-03-06,20.23,20.94,21.31,20.19,1286492,625245520.0,5.5,2.75,0.56,8.39
468,2019-03-07,20.75,20.72,21.13,20.45,996601,481844944.0,3.25,-1.05,-0.22,6.5
469,2019-03-08,20.19,19.18,20.38,19.11,966785,444331424.0,6.13,-7.43,-1.54,6.31
470,2019-03-11,19.14,19.59,19.63,18.99,496593,222826780.0,3.34,2.14,0.41,3.24
471,2019-03-12,19.67,19.71,19.93,19.48,578893,264871513.0,2.3,0.61,0.12,3.78
472,2019-03-13,19.67,19.26,19.67,18.99,461909,207034578.0,3.45,-2.28,-0.45,3.01
473,2019-03-14,19.14,19.56,20.15,19.07,687445,312343968.0,5.61,1.56,0.3,4.48
474,2019-03-15,19.59,19.67,19.74,19.44,489463,222169646.0,1.53,0.56,0.11,3.19
475,2019-03-18,19.78,21.39,21.39,19.74,1338017,644173312.0,8.39,8.74,1.72,8.73
476,2019-03-19,22.03,21.43,22.18,20.87,1691629,853089600.0,6.12,0.19,0.04,11.04
477,2019-03-20,21.17,22.29,22.74,21.05,1690822,874405184.0,7.89,4.01,0.86,11.03
478,2019-03-21,22.18,21.95,22.51,21.69,1276771,662290080.0,3.68,-1.53,-0.34,8.33
479,2019-03-22,21.69,21.43,21.8,21.17,818767,411592768.0,2.87,-2.37,-0.52,5.34
480,2019-03-25,21.05,20.98,21.35,20.83,527771,260370623.0,2.43,-2.1,-0.45,3.44
481,2019-03-26,20.83,20.6,21.2,20.38,638345,309564112.0,3.91,-1.81,-0.38,4.16
482,2019-03-27,20.83,21.5,21.5,20.42,765265,376256608.0,5.24,4.37,0.9,4.99
483,2019-03-28,21.28,20.64,21.28,20.64,526021,258359495.0,2.98,-4.0,-0.86,3.43
484,2019-03-29,20.49,21.02,21.24,20.27,605776,295306512.0,4.7,1.84,0.38,3.95
485,2019-04-01,21.2,21.58,21.88,20.98,850743,429146928.0,4.28,2.66,0.56,5.55
486,2019-04-02,21.65,21.8,21.88,21.24,925187,467089216.0,2.97,1.02,0.22,6.04
487,2019-04-03,21.69,22.14,22.36,21.5,1118485,580621728.0,3.94,1.56,0.34,7.3
488,2019-04-04,22.18,21.84,22.63,21.73,912470,474750176.0,4.07,-1.36,-0.3,5.95
489,2019-04-08,22.03,23.15,23.34,21.73,1628497,866447648.0,7.37,6.0,1.31,10.62
490,2019-04-09,22.96,22.33,22.96,22.06,1058394,560062016.0,3.89,-3.54,-0.82,6.9
491,2019-04-10,22.06,21.76,22.06,21.61,706431,362220816.0,2.02,-2.55,-0.57,4.61
492,2019-04-11,21.76,21.46,22.03,21.43,521607,266064535.0,2.76,-1.38,-0.3,3.4
493,2019-04-12,21.31,21.43,21.46,21.17,366591,182834423.0,1.35,-0.14,-0.03,2.39
494,2019-04-15,21.65,21.02,21.8,21.02,413935,208442926.0,3.64,-1.91,-0.41,2.7
495,2019-04-16,20.94,21.35,21.35,20.6,419400,206046523.0,3.57,1.57,0.33,2.74
496,2019-04-17,21.24,21.31,21.5,21.17,355659,177816369.0,1.55,-0.19,-0.04,2.32
497,2019-04-18,21.31,21.54,21.61,21.13,484816,244376042.0,2.25,1.08,0.23,3.16
498,2019-04-19,21.54,21.58,21.65,21.09,457532,230142247.0,2.6,0.19,0.04,2.98
499,2019-04-22,21.5,20.94,21.58,20.87,451031,223828469.0,3.29,-2.97,-0.64,2.94
500,2019-04-23,20.9,20.34,20.98,20.27,372904,179393155.0,3.39,-2.87,-0.6,2.43
501,2019-04-24,20.49,20.34,20.53,20.04,343477,162023303.0,2.41,0.0,0.0,2.24
502,2019-04-25,20.27,19.48,20.27,19.44,419997,193043711.0,4.08,-4.23,-0.86,2.74
503,2019-04-26,18.69,18.32,18.81,18.17,637427,269766032.0,3.29,-5.95,-1.16,4.16
504,2019-04-29,18.32,17.46,18.32,17.23,454170,183270334.0,5.95,-4.69,-0.86,2.96
505,2019-04-30,17.5,17.76,17.91,17.5,243055,98308108.0,2.35,1.72,0.3,1.59
506,2019-05-06,17.27,16.93,17.65,16.6,377987,147256116.0,5.91,-4.67,-0.83,2.47
507,2019-05-07,16.97,17.12,17.27,16.82,207975,80520062.0,2.66,1.12,0.19,1.36
508,2019-05-08,16.9,17.05,17.23,16.63,196031,75440642.0,3.5,-0.41,-0.07,1.28
509,2019-05-09,16.82,16.9,17.05,16.82,130596,50030277.0,1.35,-0.88,-0.15,0.85
510,2019-05-10,16.97,17.31,17.31,16.82,267419,103835702.0,2.9,2.43,0.41,1.74
511,2019-05-13,17.12,17.08,17.2,16.93,160751,62180571.0,1.56,-1.33,-0.23,1.05
512,2019-05-14,16.86,16.86,16.97,16.71,178334,67914712.0,1.52,-1.29,-0.22,1.16
513,2019-05-15,16.93,17.08,17.12,16.93,151123,58276806.0,1.13,1.3,0.22,0.99
514,2019-05-16,17.05,17.5,17.65,17.01,353882,140279053.0,3.75,2.46,0.42,2.31
515,2019-05-17,17.42,16.86,17.42,16.82,279232,108043683.0,3.43,-3.66,-0.64,1.82
516,2019-05-20,16.86,16.9,16.97,16.6,143073,54109685.0,2.19,0.24,0.04,0.93
517,2019-05-21,16.97,17.08,17.2,16.82,169027,65272591.0,2.25,1.07,0.18,1.1
518,2019-05-22,17.05,17.31,17.72,17.01,315742,124702203.0,4.16,1.35,0.23,2.06
519,2019-05-23,17.12,17.08,17.53,16.82,240083,92882177.0,4.1,-1.33,-0.23,1.57
520,2019-05-24,16.9,16.93,17.12,16.86,147059,56380227.0,1.52,-0.88,-0.15,0.96
521,2019-05-27,16.97,17.23,17.31,16.9,208256,80698789.0,2.42,1.77,0.3,1.36
522,2019-05-28,17.27,17.12,17.31,17.05,187073,72958519.0,1.51,-0.64,-0.11,1.22
523,2019-05-29,16.97,17.2,17.35,16.97,165203,64394618.0,2.22,0.47,0.08,1.08
524,2019-05-30,17.05,16.97,17.16,16.9,154773,59361013.0,1.51,-1.34,-0.23,1.01
525,2019-05-31,16.97,17.01,17.16,16.9,127126,48887025.0,1.53,0.24,0.04,0.83
526,2019-06-03,16.97,16.78,17.05,16.78,143583,54812967.0,1.59,-1.35,-0.23,0.94
527,2019-06-04,16.71,16.22,16.75,15.96,256791,93867448.0,4.71,-3.34,-0.56,1.68
528,2019-06-05,16.34,16.11,16.45,16.11,118639,43300585.0,2.1,-0.68,-0.11,0.77
529,2019-06-06,16.07,15.62,16.19,15.55,187914,66043696.0,3.97,-3.04,-0.49,1.23
530,2019-06-10,15.74,15.62,15.74,15.59,136192,47458457.0,0.96,0.0,0.0,0.89
531,2019-06-11,15.59,16.41,16.63,15.59,391063,141779742.0,6.66,5.06,0.79,2.55
532,2019-06-12,16.41,16.19,16.6,16.11,217307,79509840.0,2.99,-1.34,-0.22,1.42
533,2019-06-13,16.15,16.19,16.22,16.0,144211,52065511.0,1.36,0.0,0.0,0.94
534,2019-06-14,16.22,16.04,16.34,16.0,190638,69152599.0,2.1,-0.93,-0.15,1.24
535,2019-06-17,16.0,15.92,16.04,15.74,148265,52633697.0,1.87,-0.75,-0.12,0.97
536,2019-06-18,15.96,15.85,15.96,15.74,88695,31359497.0,1.38,-0.44,-0.07,0.58
537,2019-06-19,16.22,15.92,16.34,15.92,161456,58169311.0,2.65,0.44,0.07,1.05
538,2019-06-20,15.96,16.22,16.26,15.81,265568,95777120.0,2.83,1.88,0.3,1.73
539,2019-06-21,16.22,16.37,16.41,16.15,238345,87261000.0,1.6,0.92,0.15,1.55
540,2019-06-24,16.6,16.9,17.35,16.49,586031,224875463.0,5.25,3.24,0.53,3.82
541,2019-06-25,16.82,16.56,16.82,16.34,313341,116622474.0,2.84,-2.01,-0.34,2.04
542,2019-06-26,16.41,16.34,16.52,16.3,168980,62299536.0,1.33,-1.33,-0.22,1.1
543,2019-06-27,16.41,16.63,17.01,16.37,304213,113908253.0,3.92,1.77,0.29,1.98
544,2019-06-28,16.56,16.41,16.56,16.26,181049,66755622.0,1.8,-1.32,-0.22,1.18
545,2019-07-01,16.67,16.63,16.78,16.49,218040,81612039.0,1.77,1.34,0.22,1.42
546,2019-07-02,16.6,16.75,16.86,16.52,236833,89092328.0,2.04,0.72,0.12,1.55
547,2019-07-03,16.67,16.67,16.93,16.49,231425,86871226.0,2.63,-0.48,-0.08,1.51
548,2019-07-04,16.56,16.52,16.71,16.45,141953,52976987.0,1.56,-0.9,-0.15,0.93
549,2019-07-05,16.45,16.56,16.6,16.41,110453,40990520.0,1.15,0.24,0.04,0.72
550,2019-07-08,16.45,16.07,16.52,16.04,177181,64124026.0,2.9,-2.96,-0.49,1.16
551,2019-07-09,16.11,16.04,16.15,15.92,96549,34641745.0,1.43,-0.19,-0.03,0.63
552,2019-07-10,16.0,15.85,16.11,15.81,78989,28126774.0,1.87,-1.18,-0.19,0.52
553,2019-07-11,15.92,15.81,16.04,15.77,72149,25610880.0,1.7,-0.25,-0.04,0.47
554,2019-07-12,15.92,15.89,15.96,15.81,63951,22712975.0,0.95,0.51,0.08,0.42
555,2019-07-15,15.92,15.96,16.07,15.7,97207,34488709.0,2.33,0.44,0.07,0.63
556,2019-07-16,15.92,16.15,16.41,15.89,206333,74986818.0,3.26,1.19,0.19,1.35
557,2019-07-17,16.04,16.04,16.15,15.96,113505,40778522.0,1.18,-0.68,-0.11,0.74
558,2019-07-18,16.04,15.81,16.04,15.77,85667,30369647.0,1.68,-1.43,-0.23,0.56
559,2019-07-19,15.85,15.85,15.96,15.81,70999,25195552.0,0.95,0.25,0.04,0.46
560,2019-07-22,15.85,15.51,15.85,15.51,131953,45865728.0,2.15,-2.15,-0.34,0.86
561,2019-07-23,15.59,15.59,15.62,15.51,62513,21676869.0,0.71,0.52,0.08,0.41
562,2019-07-24,15.59,15.66,15.81,15.59,77466,27090457.0,1.41,0.45,0.07,0.51
563,2019-07-25,15.62,15.59,15.7,15.55,68913,23952758.0,0.96,-0.45,-0.07,0.45
564,2019-07-26,15.59,15.7,15.77,15.55,87722,30578156.0,1.41,0.71,0.11,0.57
565,2019-07-29,15.62,15.62,15.74,15.55,81229,28273728.0,1.21,-0.51,-0.08,0.53
566,2019-07-30,15.59,15.66,15.77,15.59,72951,25487337.0,1.15,0.26,0.04,0.48
567,2019-07-31,15.7,15.59,15.7,15.55,60233,20898622.0,0.96,-0.45,-0.07,0.39
568,2019-08-01,15.55,15.44,15.59,15.4,82095,28274951.0,1.22,-0.96,-0.15,0.54
569,2019-08-02,15.21,14.99,15.21,14.88,182814,60680359.0,2.14,-2.91,-0.45,1.19
570,2019-08-05,14.99,14.73,14.99,14.69,127007,41483547.0,2.0,-1.73,-0.26,0.83
571,2019-08-06,14.35,14.2,14.35,13.79,222170,68296699.0,3.8,-3.6,-0.53,1.45
572,2019-08-07,14.24,14.13,14.31,14.13,102545,31757738.0,1.27,-0.49,-0.07,0.67
573,2019-08-08,14.2,14.13,14.24,14.09,68028,21044761.0,1.06,0.0,0.0,0.44
574,2019-08-09,14.16,13.94,14.24,13.9,98278,30193597.0,2.41,-1.34,-0.19,0.64
575,2019-08-12,13.94,14.05,14.05,13.83,76630,23183520.0,1.58,0.79,0.11,0.5
576,2019-08-13,13.94,13.98,14.01,13.86,57323,17351628.0,1.07,-0.5,-0.07,0.37
577,2019-08-14,14.13,14.01,14.13,13.98,71871,22035977.0,1.07,0.21,0.03,0.47
578,2019-08-15,13.64,14.16,14.58,13.53,169444,51977483.0,7.49,1.07,0.15,1.11
579,2019-08-16,14.13,13.98,14.13,13.94,98452,30087021.0,1.34,-1.27,-0.18,0.64
580,2019-08-19,14.01,14.28,14.28,14.01,131335,40611464.0,1.93,2.15,0.3,0.86
581,2019-08-20,14.31,14.31,14.54,14.24,118942,37418071.0,2.1,0.21,0.03,0.78
582,2019-08-21,14.31,14.31,14.43,14.24,71635,22462083.0,1.33,0.0,0.0,0.47
583,2019-08-22,14.31,14.35,14.39,14.24,73395,22987430.0,1.05,0.28,0.04,0.48
584,2019-08-23,14.39,14.39,14.5,14.35,119736,37782448.0,1.05,0.28,0.04,0.78
585,2019-08-26,14.13,14.54,14.61,14.05,257927,81623898.0,3.89,1.04,0.15,1.68
586,2019-08-27,14.65,14.99,15.06,14.58,267395,87736532.0,3.3,3.09,0.45,1.74
587,2019-08-28,14.99,14.88,14.99,14.8,178215,58529257.0,1.27,-0.73,-0.11,1.16
588,2019-08-29,14.99,15.06,15.17,14.88,174951,58263097.0,1.95,1.21,0.18,1.14
589,2019-08-30,15.03,14.76,15.14,14.73,153379,50434154.0,2.72,-1.99,-0.3,1.0
590,2019-09-02,14.76,15.21,15.29,14.69,268115,89827079.0,4.07,3.05,0.45,1.75
591,2019-09-03,15.21,15.59,15.62,15.21,261251,89905667.0,2.7,2.5,0.38,1.7
592,2019-09-04,15.44,15.66,15.81,15.4,248224,86257309.0,2.63,0.45,0.07,1.62
593,2019-09-05,15.77,15.59,15.85,15.55,259498,90781870.0,1.92,-0.45,-0.07,1.69
594,2019-09-06,15.55,15.55,15.66,15.44,131096,45379975.0,1.41,-0.26,-0.04,0.86
595,2019-09-09,15.66,15.74,15.81,15.62,153007,53660417.0,1.22,1.22,0.19,1.0
596,2019-09-10,15.74,15.66,15.81,15.59,156858,54762132.0,1.4,-0.51,-0.08,1.02
597,2019-09-11,15.7,15.51,15.74,15.44,140406,48624277.0,1.92,-0.96,-0.15,0.92
598,2019-09-12,15.59,15.59,15.77,15.47,144346,50191345.0,1.93,0.52,0.08,0.94
599,2019-09-16,15.59,15.74,15.85,15.59,188428,66291793.0,1.67,0.96,0.15,1.23
600,2019-09-17,15.7,15.32,15.7,15.17,162552,55668858.0,3.37,-2.67,-0.42,1.06
601,2019-09-18,15.44,15.06,15.44,15.06,110372,37185183.0,2.48,-1.7,-0.26,0.72
602,2019-09-19,15.06,15.17,15.32,15.06,120017,40273658.0,1.73,0.73,0.11,0.78
603,2019-09-20,15.29,15.17,15.29,15.1,103843,34952273.0,1.25,0.0,0.0,0.68
604,2019-09-23,15.14,14.88,15.14,14.76,137959,45238988.0,2.5,-1.91,-0.29,0.9
605,2019-09-24,14.95,14.99,15.1,14.88,127223,42130616.0,1.48,0.74,0.11,0.83
606,2019-09-25,14.91,14.95,15.17,14.88,140011,46398743.0,1.93,-0.27,-0.04,0.91
607,2019-09-26,14.91,14.54,15.03,14.5,121800,39484007.0,3.55,-2.74,-0.41,0.79
608,2019-09-27,14.65,14.69,14.73,14.54,77558,25019207.0,1.31,1.03,0.15,0.51
609,2019-09-30,14.65,14.61,14.8,14.58,56052,18107344.0,1.5,-0.54,-0.08,0.37
610,2019-10-08,14.65,14.61,14.73,14.5,83734,26897242.0,1.57,0.0,0.0,0.55
611,2019-10-09,14.58,14.88,14.88,14.46,105807,34164592.0,2.87,1.85,0.27,0.69
612,2019-10-10,14.88,14.91,14.95,14.8,72283,23744817.0,1.01,0.2,0.03,0.47
613,2019-10-11,14.95,15.14,15.17,14.95,131726,43924336.0,1.48,1.54,0.23,0.86
614,2019-10-14,15.17,15.4,15.4,15.17,113436,38613926.0,1.52,1.72,0.26,0.74
615,2019-10-15,15.47,15.29,15.51,15.21,107532,36457890.0,1.95,-0.71,-0.11,0.7
616,2019-10-16,15.25,15.1,15.36,15.1,73761,24894811.0,1.7,-1.24,-0.19,0.48
617,2019-10-17,15.06,15.03,15.17,14.95,58065,19363104.0,1.46,-0.46,-0.07,0.38
618,2019-10-18,15.1,14.76,15.14,14.69,100166,32927370.0,2.99,-1.8,-0.27,0.65
619,2019-10-21,14.69,15.25,15.29,14.65,137406,45503089.0,4.34,3.32,0.49,0.9
620,2019-10-22,15.25,15.1,15.25,14.95,120852,40195159.0,1.97,-0.98,-0.15,0.79
621,2019-10-23,14.99,14.69,15.1,14.65,136119,44340648.0,2.98,-2.72,-0.41,0.89
622,2019-10-24,14.69,14.73,14.8,14.61,79191,25653835.0,1.29,0.27,0.04,0.52
623,2019-10-25,14.73,14.76,14.8,14.65,56350,18273364.0,1.02,0.2,0.03,0.37
624,2019-10-28,14.65,14.8,14.8,14.65,137048,44450723.0,1.02,0.27,0.04,0.89
625,2019-10-29,14.73,14.54,14.76,14.5,120645,38699810.0,1.76,-1.76,-0.26,0.79
626,2019-10-30,14.39,14.24,14.54,14.2,131015,40867375.0,2.34,-2.06,-0.3,0.85
627,2019-10-31,14.28,13.98,14.28,13.94,115780,35398609.0,2.39,-1.83,-0.26,0.76
628,2019-11-01,14.05,14.05,14.09,13.9,101306,30866717.0,1.36,0.5,0.07,0.66
629,2019-11-04,14.05,13.94,14.09,13.9,116446,35401889.0,1.35,-0.78,-0.11,0.76
630,2019-11-05,13.9,13.98,14.01,13.75,104592,31539177.0,1.87,0.29,0.04,0.68
631,2019-11-06,13.98,14.28,14.54,13.9,223840,69516467.0,4.58,2.15,0.3,1.46
632,2019-11-07,14.16,14.16,14.24,14.09,125072,38616339.0,1.05,-0.84,-0.12,0.82
633,2019-11-08,14.16,13.98,14.28,13.94,119577,36536553.0,2.4,-1.27,-0.18,0.78
634,2019-11-11,13.9,13.83,13.94,13.75,88926,26677466.0,1.36,-1.07,-0.15,0.58
635,2019-11-12,13.86,13.94,13.94,13.75,100924,30232008.0,1.37,0.8,0.11,0.66
636,2019-11-13,13.9,13.75,13.94,13.71,87182,26040575.0,1.65,-1.36,-0.19,0.57
637,2019-11-14,13.71,13.83,13.83,13.71,67788,20241593.0,0.87,0.58,0.08,0.44
638,2019-11-15,13.79,13.83,13.98,13.79,132474,39972283.0,1.37,0.0,0.0,0.86
639,2019-11-18,13.83,14.09,14.24,13.79,234880,72099137.0,3.25,1.88,0.26,1.53
640,2019-11-19,14.09,14.2,14.28,14.05,192258,59353475.0,1.63,0.78,0.11,1.25
641,2019-11-20,14.2,14.13,14.24,14.05,154486,47652952.0,1.34,-0.49,-0.07,1.01
642,2019-11-21,14.09,14.09,14.13,13.9,130604,39865915.0,1.63,-0.28,-0.04,0.85
643,2019-11-22,14.13,14.54,14.76,14.05,597407,189687478.0,5.04,3.19,0.45,3.9
644,2019-11-25,14.8,15.74,15.74,14.73,742708,253901905.0,6.95,8.25,1.2,4.85
645,2019-11-26,15.92,15.32,15.92,15.06,858694,293774224.0,5.46,-2.67,-0.42,5.6
646,2019-11-27,15.06,15.55,15.59,15.06,628082,213570447.0,3.46,1.5,0.23,4.1
647,2019-11-28,15.25,15.17,15.36,14.84,461881,154067971.0,3.34,-2.44,-0.38,3.01
648,2019-11-29,15.06,15.1,15.25,14.95,265380,88488855.0,1.98,-0.46,-0.07,1.73
649,2019-12-02,15.03,15.17,15.25,14.95,280423,93529753.0,1.99,0.46,0.07,1.83
650,2019-12-03,15.06,14.91,15.14,14.88,252326,83460827.0,1.71,-1.71,-0.26,1.65
651,2019-12-04,14.76,14.73,14.84,14.58,267235,86293665.0,1.74,-1.21,-0.18,1.74
652,2019-12-05,14.73,14.8,14.8,14.61,236693,76700250.0,1.29,0.48,0.07,1.54
653,2019-12-06,14.76,14.99,15.03,14.65,270443,88192808.0,2.57,1.28,0.19,1.76
654,2019-12-09,15.06,15.32,15.51,14.99,567938,192594098.0,3.47,2.2,0.33,3.7
655,2019-12-10,15.21,15.1,15.21,14.99,288516,96294164.0,1.44,-1.44,-0.22,1.88
656,2019-12-11,15.1,15.21,15.55,15.06,428598,145620192.0,3.25,0.73,0.11,2.8
657,2019-12-12,15.14,14.99,15.17,14.91,234810,77915200.0,1.71,-1.45,-0.22,1.53
658,2019-12-13,15.1,15.14,15.21,14.95,242635,80772060.0,1.73,1.0,0.15,1.58
659,2019-12-16,15.21,15.25,15.29,15.06,244607,82043414.0,1.52,0.73,0.11,1.6
660,2019-12-17,15.21,15.51,15.7,15.14,509968,174969273.0,3.67,1.7,0.26,3.33
661,2019-12-18,15.55,15.36,15.55,15.32,327505,112068654.0,1.48,-0.97,-0.15,2.14
662,2019-12-19,15.36,15.66,15.66,15.32,359119,123706590.0,2.21,1.95,0.3,2.34
663,2019-12-20,15.59,15.36,15.77,15.32,292541,101229632.0,2.87,-1.92,-0.3,1.91
664,2019-12-23,15.25,14.95,15.4,14.95,221237,74260717.0,2.93,-2.67,-0.41,1.44
665,2019-12-24,14.95,15.1,15.14,14.8,219242,72323557.0,2.27,1.0,0.15,1.43
666,2019-12-25,15.06,14.99,15.06,14.91,161391,53389702.0,0.99,-0.73,-0.11,1.05
667,2019-12-26,14.99,15.17,15.25,14.95,215798,72220170.0,2.0,1.2,0.18,1.41
668,2019-12-27,15.14,15.25,15.47,15.06,332293,112637885.0,2.7,0.53,0.08,2.17
669,2019-12-30,15.29,15.51,15.55,15.17,409518,140039648.0,2.49,1.7,0.26,2.67
670,2019-12-31,15.51,15.92,16.6,15.36,741643,263626412.0,7.99,2.64,0.41,4.84
671,2020-01-02,16.04,16.07,16.41,15.96,670000,242211601.0,2.83,0.94,0.15,4.37
672,2020-01-03,15.96,16.0,16.22,15.85,371957,133256251.0,2.3,-0.44,-0.07,2.43
673,2020-01-06,15.85,15.92,16.07,15.74,341225,121439189.0,2.06,-0.5,-0.08,2.23
674,2020-01-07,16.04,16.63,16.75,15.96,872306,321765088.0,4.96,4.46,0.71,5.69
675,2020-01-08,16.37,16.04,16.52,15.92,601635,218696300.0,3.61,-3.55,-0.59,3.92
676,2020-01-09,16.15,16.15,16.26,16.0,298213,107747176.0,1.62,0.69,0.11,1.95
677,2020-01-10,16.15,16.04,16.22,15.77,270931,96571222.0,2.79,-0.68,-0.11,1.77
678,2020-01-13,15.89,16.0,16.04,15.7,188907,66988034.0,2.12,-0.25,-0.04,1.23
679,2020-01-14,16.07,15.92,16.15,15.89,238011,85322868.0,1.63,-0.5,-0.08,1.55
680,2020-01-15,15.89,15.7,15.89,15.62,211363,74204584.0,1.7,-1.38,-0.22,1.38
681,2020-01-16,15.74,15.74,15.89,15.7,145054,51026892.0,1.21,0.25,0.04,0.95
682,2020-01-17,15.81,15.74,15.85,15.59,154667,54289431.0,1.65,0.0,0.0,1.01
683,2020-01-20,15.36,15.25,15.44,15.1,317739,107109029.0,2.16,-3.11,-0.49,2.07
684,2020-01-21,15.25,14.99,15.25,14.99,176814,58813724.0,1.7,-1.7,-0.26,1.15
685,2020-01-22,14.95,15.03,15.06,14.76,160496,52625219.0,2.0,0.27,0.04,1.05
686,2020-01-23,14.91,14.61,14.99,14.28,201397,65148884.0,4.72,-2.79,-0.42,1.31
687,2020-02-03,13.42,13.42,13.42,13.42,93617,27055313.0,0.0,-8.15,-1.19,0.61
688,2020-02-04,12.37,13.08,13.34,12.33,289985,81048217.0,7.53,-2.53,-0.34,1.89
689,2020-02-05,13.19,13.38,13.56,13.12,205522,59206616.0,3.36,2.29,0.3,1.34
690,2020-02-06,13.34,13.49,13.56,13.27,175327,50834797.0,2.17,0.82,0.11,1.14
691,2020-02-07,13.53,13.53,13.64,13.38,158221,46114311.0,1.93,0.3,0.04,1.03
692,2020-02-10,13.45,13.9,13.94,13.42,261921,78081237.0,3.84,2.73,0.37,1.71
693,2020-02-11,13.98,14.65,15.03,13.9,879819,286868704.0,8.13,5.4,0.75,5.74
694,2020-02-12,14.28,14.43,14.5,13.98,672605,208224323.0,3.55,-1.5,-0.22,4.39
695,2020-02-13,14.28,14.31,14.69,14.2,404212,127729673.0,3.4,-0.83,-0.12,2.64
696,2020-02-14,14.31,14.5,14.54,14.13,371829,117150177.0,2.87,1.33,0.19,2.43
697,2020-02-17,14.43,14.73,14.73,14.35,396780,126840924.0,2.62,1.59,0.23,2.59
698,2020-02-18,14.76,14.65,14.84,14.46,374231,120575593.0,2.58,-0.54,-0.08,2.44
699,2020-02-19,14.65,14.58,14.73,14.5,281369,90186294.0,1.57,-0.48,-0.07,1.84
700,2020-02-20,14.58,14.76,14.76,14.39,372683,119436288.0,2.54,1.23,0.18,2.43
701,2020-02-21,14.73,15.06,15.14,14.65,597802,196112929.0,3.32,2.03,0.3,3.9
702,2020-02-24,14.91,15.17,15.17,14.73,546235,180365769.0,2.92,0.73,0.11,3.56
703,2020-02-25,14.8,14.76,14.95,14.5,416542,135043097.0,2.97,-2.7,-0.41,2.72
704,2020-02-26,14.5,15.14,15.85,14.46,839177,284432944.0,9.42,2.57,0.38,5.47
705,2020-02-27,15.1,14.99,15.55,14.95,499302,167710607.0,3.96,-0.99,-0.15,3.26
706,2020-02-28,14.54,14.28,14.88,14.24,459027,146368159.0,4.27,-4.74,-0.71,2.99
707,2020-03-02,14.31,15.36,15.44,14.31,959233,321624768.0,7.91,7.56,1.08,6.26
708,2020-03-03,15.62,15.25,15.77,15.06,786947,269293776.0,4.62,-0.72,-0.11,5.13
709,2020-03-04,15.06,15.81,15.81,15.06,914142,315067024.0,4.92,3.67,0.56,5.96
710,2020-03-05,15.81,16.0,16.63,15.66,1057420,382619088.0,6.14,1.2,0.19,6.9
711,2020-03-06,15.7,15.89,16.34,15.66,719622,257857372.0,4.25,-0.69,-0.11,4.69
712,2020-03-09,15.55,15.06,15.55,14.99,641347,216712968.0,3.52,-5.22,-0.83,4.18
713,2020-03-10,14.91,15.36,15.4,14.76,530831,177232903.0,4.25,1.99,0.3,3.46
714,2020-03-11,15.36,15.06,15.55,15.03,504267,171337529.0,3.39,-1.95,-0.3,3.29
715,2020-03-12,14.76,14.84,15.03,14.69,385194,125660631.0,2.26,-1.46,-0.22,2.51
716,2020-03-13,14.24,14.5,14.69,14.09,449146,140894777.0,4.04,-2.29,-0.34,2.93
717,2020-03-16,14.65,14.16,14.73,14.16,281460,89244828.0,3.93,-2.34,-0.34,1.84
718,2020-03-17,14.24,14.16,14.39,13.79,239314,73429870.0,4.24,0.0,0.0,1.56
719,2020-03-18,14.28,14.09,14.5,14.05,223936,69984796.0,3.18,-0.49,-0.07,1.46
720,2020-03-19,14.09,14.16,14.2,13.86,199031,60827897.0,2.41,0.5,0.07,1.3
721,2020-03-20,14.2,14.39,14.43,14.16,178510,55777869.0,1.91,1.62,0.23,1.16
722,2020-03-23,13.86,13.98,14.16,13.86,159357,48688582.0,2.08,-2.85,-0.41,1.04
723,2020-03-24,14.13,14.2,14.28,13.94,160711,49286456.0,2.43,1.57,0.22,1.05
724,2020-03-25,14.35,14.43,14.43,14.2,259288,81293352.0,1.62,1.62,0.23,1.69
725,2020-03-26,14.35,14.2,14.35,14.16,146308,45637033.0,1.32,-1.59,-0.23,0.95
726,2020-03-27,14.31,14.31,14.54,14.24,225888,71277178.0,2.11,0.77,0.11,1.47
727,2020-03-30,14.16,14.5,15.03,13.94,378560,119226062.0,7.62,1.33,0.19,2.47
728,2020-03-31,14.46,14.43,14.54,14.31,253271,79932466.0,1.59,-0.48,-0.07,1.65
729,2020-04-01,14.31,14.2,14.54,14.16,154823,48672689.0,2.63,-1.59,-0.23,1.01
730,2020-04-02,14.09,14.31,14.31,13.98,149955,46374577.0,2.32,0.77,0.11,0.98
731,2020-04-03,14.28,14.09,14.28,14.01,161253,49697107.0,1.89,-1.54,-0.22,1.05
732,2020-04-07,14.2,14.31,14.39,14.2,174396,54429878.0,1.35,1.56,0.22,1.14
733,2020-04-08,14.31,14.39,14.58,14.24,230049,72550189.0,2.38,0.56,0.08,1.5
734,2020-04-09,14.43,14.39,14.54,14.35,184550,58334189.0,1.32,0.0,0.0,1.2
735,2020-04-10,14.39,14.13,14.39,14.09,167088,51814804.0,2.08,-1.81,-0.26,1.09
736,2020-04-13,14.09,14.16,14.28,14.01,91923,28345894.0,1.91,0.21,0.03,0.6
737,2020-04-14,14.16,14.28,14.35,14.13,117206,36364787.0,1.55,0.85,0.12,0.76
738,2020-04-15,14.31,14.13,14.31,14.09,118017,36462097.0,1.54,-1.05,-0.15,0.77
739,2020-04-16,14.05,14.13,14.16,14.05,84237,25872798.0,0.78,0.0,0.0,0.55
740,2020-04-17,14.16,14.2,14.39,14.09,204115,63442470.0,2.12,0.5,0.07,1.33
741,2020-04-20,14.16,14.46,14.69,14.09,374241,118241601.0,4.23,1.83,0.26,2.44
742,2020-04-21,14.39,14.28,14.46,14.16,232867,72621662.0,2.07,-1.24,-0.18,1.52
743,2020-04-22,14.2,14.28,14.39,14.16,130468,40694104.0,1.61,0.0,0.0,0.85
744,2020-04-23,14.31,14.16,14.35,14.16,106385,32973199.0,1.33,-0.84,-0.12,0.69
745,2020-04-24,14.16,14.13,14.24,14.05,108207,33298409.0,1.34,-0.21,-0.03,0.71
746,2020-04-27,14.09,14.01,14.16,13.98,98533,30208050.0,1.27,-0.85,-0.12,0.64
747,2020-04-28,13.98,13.68,14.01,13.42,187782,55829391.0,4.21,-2.36,-0.33,1.23
748,2020-04-29,13.68,13.71,13.83,13.6,76542,22780220.0,1.68,0.22,0.03,0.5
749,2020-04-30,13.75,13.86,13.86,13.71,82739,24795373.0,1.09,1.09,0.15,0.54
750,2020-05-06,13.79,13.94,13.98,13.71,105551,31848213.0,1.95,0.58,0.08,0.69
751,2020-05-07,13.9,13.9,14.01,13.86,64122,19403095.0,1.08,-0.29,-0.04,0.42
752,2020-05-08,13.9,13.98,13.98,13.86,90936,27543439.0,0.86,0.58,0.08,0.59
753,2020-05-11,13.98,14.35,14.54,13.94,406446,126995959.0,4.29,2.65,0.37,2.65
754,2020-05-12,14.28,14.09,14.28,14.01,195497,60064800.0,1.88,-1.81,-0.26,1.28
755,2020-05-13,13.98,14.01,14.05,13.94,73458,22396713.0,0.78,-0.57,-0.08,0.48
756,2020-05-14,13.98,13.86,14.01,13.86,105347,31861953.0,1.07,-1.07,-0.15,0.69
757,2020-05-15,13.94,13.86,13.98,13.86,56690,17105513.0,0.87,0.0,0.0,0.37
758,2020-05-18,14.39,14.16,14.54,14.13,326714,102113257.0,2.96,2.16,0.3,2.13
759,2020-05-19,14.16,14.13,14.28,14.05,143477,44301444.0,1.62,-0.21,-0.03,0.94
760,2020-05-20,14.09,14.2,14.35,13.98,221350,68394889.0,2.62,0.5,0.07,1.44
761,2020-05-21,14.61,14.24,14.73,14.2,279079,88109798.0,3.73,0.28,0.04,1.82
762,2020-05-22,14.09,14.13,14.35,14.05,178209,55067127.0,2.11,-0.77,-0.11,1.16
763,2020-05-25,14.09,14.01,14.13,13.98,109879,33546676.0,1.06,-0.85,-0.12,0.72
764,2020-05-26,14.05,14.09,14.09,14.01,91382,27935536.0,0.57,0.57,0.08,0.6
765,2020-05-27,14.09,14.09,14.2,14.01,139227,42812388.0,1.35,0.0,0.0,0.91
766,2020-05-28,14.01,13.94,14.09,13.86,141153,42844977.0,1.63,-1.06,-0.15,0.92
767,2020-05-29,13.98,13.94,13.98,13.86,99997,30198865.0,0.86,0.0,0.0,0.65
768,2020-06-01,13.98,14.09,14.13,13.94,135803,41577170.0,1.36,1.08,0.15,0.89
769,2020-06-02,14.13,14.16,14.16,14.05,138092,42484594.0,0.78,0.5,0.07,0.9
770,2020-06-03,14.16,14.05,14.16,14.05,111778,34389345.0,0.78,-0.78,-0.11,0.73
771,2020-06-04,14.16,14.09,14.16,14.05,99922,30714030.0,0.78,0.28,0.04,0.65
772,2020-06-05,14.09,14.05,14.13,14.01,60615,18556419.0,0.85,-0.28,-0.04,0.4
773,2020-06-08,14.13,14.16,14.31,14.09,194762,60311143.0,1.57,0.78,0.11,1.27
774,2020-06-09,14.2,14.09,14.2,14.05,117430,36084694.0,1.06,-0.49,-0.07,0.77
775,2020-06-10,14.09,14.16,14.24,14.01,164941,50863302.0,1.63,0.5,0.07,1.08
776,2020-06-11,14.13,14.05,14.2,14.01,144855,44382409.0,1.34,-0.78,-0.11,0.94
777,2020-06-12,13.94,14.01,14.09,13.86,114999,35009076.0,1.64,-0.28,-0.04,0.75
778,2020-06-15,13.98,13.98,14.09,13.94,101077,30781200.0,1.07,-0.21,-0.03,0.66
779,2020-06-16,13.98,14.28,14.35,13.98,373898,116151476.0,2.65,2.15,0.3,2.44
780,2020-06-17,14.28,14.46,14.73,14.16,496307,157873210.0,3.99,1.26,0.18,3.24
781,2020-06-18,14.54,14.73,15.47,14.39,731960,241025428.0,7.47,1.87,0.27,4.78
782,2020-06-19,14.5,14.39,14.69,14.28,416824,131435806.0,2.78,-2.31,-0.34,2.72
783,2020-06-22,14.35,14.2,14.39,14.16,267934,83431450.0,1.6,-1.32,-0.19,1.75
784,2020-06-23,14.2,14.24,14.31,14.13,175550,54396046.0,1.27,0.28,0.04,1.15
785,2020-06-24,14.2,14.09,14.28,14.09,158498,48820943.0,1.33,-1.05,-0.15,1.03
786,2020-06-29,14.09,13.98,14.09,13.98,105847,32324755.0,0.78,-0.78,-0.11,0.69
787,2020-06-30,14.05,14.01,14.09,14.01,98526,30125485.0,0.57,0.21,0.03,0.64
788,2020-07-01,14.01,14.16,14.2,14.01,142900,44068042.0,1.36,1.07,0.15,0.93
789,2020-07-02,14.2,14.35,14.39,14.09,233948,72890728.0,2.12,1.34,0.19,1.53
790,2020-07-03,14.31,14.61,14.8,14.31,418333,134037822.0,3.41,1.81,0.26,2.73
791,2020-07-06,14.84,15.44,15.51,14.65,826693,277420400.0,5.89,5.68,0.83,5.39
792,2020-07-07,15.74,15.21,15.89,15.1,717629,244584322.0,5.12,-1.49,-0.23,4.68
793,2020-07-08,15.17,15.92,16.0,15.17,913826,317002336.0,5.46,4.67,0.71,5.96
794,2020-07-09,15.74,16.41,17.08,15.44,1223120,439728448.0,10.3,3.08,0.49,7.98
795,2020-07-10,16.11,15.85,16.34,15.81,688858,248036944.0,3.23,-3.41,-0.56,4.49
796,2020-07-13,15.85,17.16,17.16,15.7,1029646,383886112.0,9.21,8.26,1.31,6.72
797,2020-07-14,17.65,17.98,18.58,17.31,1825289,749736208.0,7.4,4.78,0.82,11.91
798,2020-07-15,17.98,18.81,19.37,17.35,1573061,663959904.0,11.23,4.62,0.83,10.26
799,2020-07-16,18.21,17.27,18.96,17.2,1170902,481325104.0,9.36,-8.19,-1.54,7.64
800,2020-07-17,17.5,17.87,18.32,17.12,1092287,444519520.0,6.95,3.47,0.6,7.13
801,2020-07-20,17.95,19.41,19.41,17.57,1547143,669988384.0,10.3,8.62,1.54,10.09
802,2020-07-21,18.92,18.92,19.22,18.47,1062237,459588496.0,3.86,-2.52,-0.49,6.93
803,2020-07-22,18.73,18.36,18.92,18.24,799097,339218992.0,3.59,-2.96,-0.56,5.21
804,2020-07-23,18.13,18.58,18.81,18.02,649110,275352720.0,4.3,1.2,0.22,4.23
805,2020-07-24,18.39,17.42,18.39,17.01,911581,366087968.0,7.43,-6.24,-1.16,5.95
806,2020-07-27,17.38,17.01,17.5,16.67,556838,213701108.0,4.76,-2.35,-0.41,3.63
807,2020-07-28,16.97,16.63,17.46,16.41,610916,233836849.0,6.17,-2.23,-0.38,3.99
808,2020-07-29,16.52,17.01,17.12,16.11,587574,221347426.0,6.07,2.29,0.38,3.83
809,2020-07-30,16.97,16.75,17.38,16.6,530910,202902565.0,4.59,-1.53,-0.26,3.46
810,2020-07-31,16.67,16.78,17.08,16.56,398725,151144806.0,3.1,0.18,0.03,2.6
811,2020-08-03,16.93,17.38,17.46,16.9,611325,238151765.0,3.34,3.58,0.6,3.99
812,2020-08-04,17.5,17.23,17.57,16.9,566587,220778917.0,3.86,-0.86,-0.15,3.7
813,2020-08-05,17.08,17.12,17.27,16.82,335041,129425702.0,2.61,-0.64,-0.11,2.19
814,2020-08-06,17.23,17.61,17.76,17.16,682189,271079584.0,3.5,2.86,0.49,4.45
815,2020-08-07,17.46,17.2,17.53,16.9,479024,186188626.0,3.58,-2.33,-0.41,3.12
816,2020-08-10,17.12,17.23,17.35,16.86,306092,118492262.0,2.85,0.17,0.03,2.0
817,2020-08-11,17.23,16.71,17.23,16.63,327444,125442523.0,3.48,-3.02,-0.52,2.14
818,2020-08-12,16.56,16.15,16.67,15.92,511958,185268369.0,4.49,-3.35,-0.56,3.34
819,2020-08-13,16.15,16.22,16.45,16.07,343473,125213636.0,2.35,0.43,0.07,2.24
820,2020-08-14,16.15,16.26,16.3,15.92,292480,105499698.0,2.34,0.25,0.04,1.91
821,2020-08-17,16.26,16.67,16.71,16.19,412813,153543515.0,3.2,2.52,0.41,2.69
822,2020-08-18,16.82,17.65,18.02,16.75,1111244,443274096.0,7.62,5.88,0.98,7.25
823,2020-08-19,17.61,17.42,17.95,17.35,592772,236386974.0,3.4,-1.3,-0.23,3.87
824,2020-08-20,17.57,17.57,17.91,17.23,671799,268782384.0,3.9,0.86,0.15,4.38
825,2020-08-21,17.42,17.53,17.95,17.01,672940,266434149.0,5.35,-0.23,-0.04,4.39
826,2020-08-24,17.35,17.2,17.5,17.08,343189,134065401.0,2.4,-1.88,-0.33,2.24
827,2020-08-25,17.23,16.82,17.23,16.71,397215,152157261.0,3.02,-2.21,-0.38,2.59
828,2020-08-26,16.86,16.41,16.86,16.34,245014,91285648.0,3.09,-2.44,-0.41,1.6
829,2020-08-27,16.52,16.71,16.75,16.15,221130,82281488.0,3.66,1.83,0.3,1.44
830,2020-08-28,16.56,17.05,17.16,16.52,415006,159045536.0,3.83,2.03,0.34,2.71
831,2020-08-31,17.05,16.93,17.35,16.9,354957,137698046.0,2.64,-0.7,-0.12,2.32
832,2020-09-01,16.93,16.82,17.01,16.71,186429,70834061.0,1.77,-0.65,-0.11,1.22
833,2020-09-02,16.9,16.6,16.93,16.45,302095,112893049.0,2.85,-1.31,-0.22,1.97
834,2020-09-03,16.56,16.49,16.86,16.45,304775,114229451.0,2.47,-0.66,-0.11,1.99
835,2020-09-04,16.26,16.52,16.52,16.15,229363,84214284.0,2.24,0.18,0.03,1.5
836,2020-09-07,16.41,16.19,16.56,16.19,212512,78265265.0,2.24,-2.0,-0.33,1.39
837,2020-09-08,16.3,16.49,16.52,16.07,251837,92335069.0,2.78,1.85,0.3,1.64
838,2020-09-09,16.3,17.12,17.27,16.26,819764,314255712.0,6.12,3.82,0.63,5.35
839,2020-09-10,16.9,16.86,17.42,16.71,676331,260307760.0,4.15,-1.52,-0.26,4.41
840,2020-09-11,16.52,16.34,16.56,16.04,445133,162589448.0,3.08,-3.08,-0.52,2.9
841,2020-09-14,16.26,16.26,16.52,16.15,267517,97554760.0,2.26,-0.49,-0.08,1.75
842,2020-09-15,16.26,16.6,16.75,16.07,381737,141408904.0,4.18,2.09,0.34,2.49
843,2020-09-16,16.49,16.34,16.6,16.26,256878,94567486.0,2.05,-1.57,-0.26,1.68
844,2020-09-17,16.34,16.19,16.45,16.07,215165,78247677.0,2.33,-0.92,-0.15,1.4
845,2020-09-18,16.19,16.75,16.82,16.11,597620,222519043.0,4.39,3.46,0.56,3.9
846,2020-09-21,16.9,16.63,16.9,16.52,371717,140247413.0,2.27,-0.72,-0.12,2.42
847,2020-09-22,16.49,16.3,16.63,16.22,269095,99083294.0,2.47,-1.98,-0.33,1.76
848,2020-09-23,16.26,16.19,16.34,16.11,236329,85956966.0,1.41,-0.67,-0.11,1.54
849,2020-09-24,16.11,15.62,16.15,15.47,385320,135482720.0,4.2,-3.52,-0.57,2.51
850,2020-09-25,15.66,15.17,15.74,14.95,397358,133822167.0,5.06,-2.88,-0.45,2.59
851,2020-09-28,15.14,14.69,15.25,14.54,345090,112530200.0,4.68,-3.16,-0.48,2.25
852,2020-09-29,14.73,14.73,15.03,14.69,211353,68935202.0,2.31,0.27,0.04,1.38
853,2020-09-30,14.76,14.69,14.84,14.58,138769,44871894.0,1.77,-0.27,-0.04,0.91
854,2020-10-09,14.84,15.03,15.14,14.84,186686,61854563.0,2.04,2.31,0.34,1.22
855,2020-10-12,15.17,15.36,15.4,15.06,222666,75462410.0,2.26,2.2,0.33,1.45
856,2020-10-13,15.36,15.17,15.44,15.1,213345,71671985.0,2.21,-1.24,-0.19,1.39
857,2020-10-14,15.25,14.99,15.25,14.95,153282,50928669.0,1.98,-1.19,-0.18,1.0
858,2020-10-15,15.06,15.03,15.21,14.91,170226,56631180.0,2.0,0.27,0.04,1.11
859,2020-10-16,14.99,15.14,15.25,14.91,171533,57291881.0,2.26,0.73,0.11,1.12
860,2020-10-19,15.1,14.91,15.29,14.88,216655,72241357.0,2.71,-1.52,-0.23,1.41
861,2020-10-20,14.88,14.95,14.99,14.73,123467,40453048.0,1.74,0.27,0.04,0.81
862,2020-10-21,14.99,14.8,14.99,14.73,112136,36598644.0,1.74,-1.0,-0.15,0.73
863,2020-10-22,14.84,14.76,14.84,14.69,96022,31200301.0,1.01,-0.27,-0.04,0.63
864,2020-10-23,14.76,14.69,14.84,14.65,113655,36861546.0,1.29,-0.47,-0.07,0.74
865,2020-10-26,14.69,14.58,14.69,14.46,110356,35286630.0,1.57,-0.75,-0.11,0.72
866,2020-10-27,14.5,14.65,14.69,14.5,99150,31726560.0,1.3,0.48,0.07,0.65
867,2020-10-28,14.61,14.73,14.76,14.58,131671,42596583.0,1.23,0.55,0.08,0.86
868,2020-10-29,14.61,14.84,14.91,14.61,149264,48721793.0,2.04,0.75,0.11,0.97
869,2020-10-30,14.84,14.54,14.88,14.5,165371,53606348.0,2.56,-2.02,-0.3,1.08
870,2020-11-02,14.54,14.73,14.73,14.46,121709,39138901.0,1.86,1.31,0.19,0.79
871,2020-11-03,14.73,15.03,15.14,14.73,210945,69670427.0,2.78,2.04,0.3,1.38
872,2020-11-04,15.03,15.1,15.17,14.95,192946,64218375.0,1.46,0.47,0.07,1.26
873,2020-11-05,15.14,15.44,15.59,14.99,392329,132995168.0,3.97,2.25,0.34,2.56
874,2020-11-06,15.36,15.4,15.55,15.21,254357,86709615.0,2.2,-0.26,-0.04,1.66
875,2020-11-09,15.55,15.62,15.77,15.44,366955,127370264.0,2.14,1.43,0.22,2.39
876,2020-11-10,15.62,15.4,15.85,15.4,274177,95178550.0,2.88,-1.41,-0.22,1.79
877,2020-11-11,15.4,15.92,16.52,15.36,793094,285281184.0,7.53,3.38,0.52,5.17
878,2020-11-12,15.85,16.07,16.26,15.55,462258,164254663.0,4.46,0.94,0.15,3.02
879,2020-11-13,15.85,15.92,16.11,15.62,327311,115811299.0,3.05,-0.93,-0.15,2.14
880,2020-11-16,16.07,16.41,16.63,16.0,579986,213448237.0,3.96,3.08,0.49,3.78
881,2020-11-17,16.41,16.26,16.67,16.07,439978,161683963.0,3.66,-0.91,-0.15,2.87
882,2020-11-18,16.07,16.26,16.49,16.0,402794,146628475.0,3.01,0.0,0.0,2.63
883,2020-11-19,16.22,15.96,16.37,15.81,319108,114151863.0,3.44,-1.85,-0.3,2.08
884,2020-11-20,15.92,16.26,16.26,15.62,399047,142785095.0,4.01,1.88,0.3,2.6
885,2020-11-23,16.26,16.82,17.27,16.19,895434,339145248.0,6.64,3.44,0.56,5.84
886,2020-11-24,16.63,16.93,17.08,16.49,659302,249367760.0,3.51,0.65,0.11,4.3
887,2020-11-25,17.05,16.3,17.12,16.3,591692,222470161.0,4.84,-3.72,-0.63,3.86
888,2020-11-26,16.19,16.11,16.37,15.92,342898,123774927.0,2.76,-1.17,-0.19,2.24
889,2020-11-27,16.11,16.34,16.82,16.11,595314,219795513.0,4.41,1.43,0.23,3.88
890,2020-11-30,16.37,16.3,16.9,16.22,560360,209085667.0,4.16,-0.24,-0.04,3.66
891,2020-12-01,16.15,16.37,16.45,16.04,352917,128473431.0,2.52,0.43,0.07,2.3
892,2020-12-02,16.34,17.12,17.31,16.34,1091437,418124944.0,5.93,4.58,0.75,7.12
893,2020-12-03,17.16,16.63,17.2,16.52,627642,237500310.0,3.97,-2.86,-0.49,4.09
894,2020-12-04,16.49,16.67,16.75,16.26,432159,160063858.0,2.95,0.24,0.04,2.82
895,2020-12-07,16.67,16.34,16.71,16.3,386113,142573945.0,2.46,-1.98,-0.33,2.52
896,2020-12-08,16.26,16.04,16.3,16.0,301561,108908207.0,1.84,-1.84,-0.3,1.97
897,2020-12-09,16.11,15.89,16.34,15.89,329363,118894604.0,2.81,-0.94,-0.15,2.15
898,2020-12-10,16.0,16.63,16.78,15.96,786998,291543712.0,5.16,4.66,0.74,5.13
899,2020-12-11,16.82,16.26,17.05,16.11,631191,234900589.0,5.65,-2.22,-0.37,4.12
900,2020-12-14,16.04,15.47,16.07,15.29,626827,216803577.0,4.8,-4.86,-0.79,4.09
901,2020-12-15,15.44,15.51,15.55,15.14,278261,94692189.0,2.65,0.26,0.04,1.82
902,2020-12-16,15.51,15.29,15.51,15.21,200304,68085456.0,1.93,-1.42,-0.22,1.31
903,2020-12-17,15.25,15.62,15.74,15.17,321161,110810277.0,3.73,2.16,0.33,2.1
904,2020-12-18,15.66,16.26,16.41,15.66,685483,247709812.0,4.8,4.1,0.64,4.47
905,2020-12-21,16.49,16.6,16.67,16.22,603837,224291096.0,2.77,2.09,0.34,3.94
906,2020-12-22,16.63,16.07,16.67,15.96,535100,196094314.0,4.28,-3.19,-0.53,3.49
907,2020-12-23,15.96,16.0,16.3,15.85,369362,132903633.0,2.8,-0.44,-0.07,2.41
908,2020-12-24,15.96,15.66,16.04,15.62,290711,102278661.0,2.63,-2.13,-0.34,1.9
909,2020-12-25,15.7,16.97,16.97,15.59,1136998,427164144.0,8.81,8.37,1.31,7.42
910,2020-12-28,16.97,17.05,17.31,16.82,970289,374730320.0,2.89,0.47,0.08,6.33
911,2020-12-29,17.05,16.75,17.38,16.6,729223,278481472.0,4.57,-1.76,-0.3,4.76
912,2020-12-30,16.6,16.97,17.31,16.49,653981,249833941.0,4.9,1.31,0.22,4.27
913,2020-12-31,16.82,16.93,16.97,16.6,461604,175009193.0,2.18,-0.24,-0.04,3.01
914,2021-01-04,16.86,17.5,17.76,16.6,920666,362544304.0,6.85,3.37,0.57,6.01
915,2021-01-05,17.27,17.01,17.46,16.86,642138,247816615.0,3.43,-2.8,-0.49,4.19
916,2021-01-06,17.01,16.78,17.08,16.52,413357,156524000.0,3.29,-1.35,-0.23,2.7
917,2021-01-07,16.78,16.45,17.12,16.37,624166,236082954.0,4.47,-1.97,-0.33,4.07
918,2021-01-08,16.45,16.26,16.56,15.92,507480,185168961.0,3.89,-1.16,-0.19,3.31
919,2021-01-11,16.15,15.51,16.3,15.51,550899,194236657.0,4.86,-4.61,-0.75,3.59
920,2021-01-12,15.44,15.7,15.77,15.36,319434,111024847.0,2.64,1.23,0.19,2.08
921,2021-01-13,15.59,15.7,15.81,15.47,334575,116642524.0,2.17,0.0,0.0,2.18
922,2021-01-14,15.59,15.7,15.96,15.4,351252,122394196.0,3.57,0.0,0.0,2.29
923,2021-01-15,15.74,15.59,15.81,15.51,260603,90714421.0,1.91,-0.7,-0.11,1.7
924,2021-01-18,15.96,15.81,15.96,15.62,311535,109882107.0,2.18,1.41,0.22,2.03
925,2021-01-19,15.7,15.66,15.77,15.59,185489,64674147.0,1.14,-0.95,-0.15,1.21
926,2021-01-20,15.74,15.92,16.26,15.7,385513,138186473.0,3.58,1.66,0.26,2.51
927,2021-01-21,15.7,16.04,16.19,15.62,372009,131954376.0,3.58,0.75,0.12,2.43
928,2021-01-22,15.89,15.62,15.92,15.62,276419,96751355.0,1.87,-2.62,-0.42,1.8
929,2021-01-25,15.59,15.4,15.59,15.32,238066,81586321.0,1.73,-1.41,-0.22,1.55
930,2021-01-26,15.32,15.44,15.55,15.25,145606,49913636.0,1.95,0.26,0.04,0.95
931,2021-01-27,15.4,15.4,15.55,15.32,121171,41451094.0,1.49,-0.26,-0.04,0.79
932,2021-01-28,15.21,15.17,15.36,15.1,182692,61414536.0,1.69,-1.49,-0.23,1.19
933,2021-01-29,15.17,14.88,15.25,14.65,194252,63747057.0,3.96,-1.91,-0.29,1.27
934,2021-02-01,14.84,15.06,15.06,14.8,102547,33921037.0,1.75,1.21,0.18,0.67
935,2021-02-02,15.1,15.06,15.14,14.95,76216,25359306.0,1.26,0.0,0.0,0.5
936,2021-02-03,15.1,14.99,15.1,14.8,116496,38443021.0,1.99,-0.46,-0.07,0.76
937,2021-02-04,14.91,14.76,14.95,14.65,123549,40135531.0,2.0,-1.53,-0.23,0.81
938,2021-02-05,14.76,14.73,14.95,14.73,84611,27588788.0,1.49,-0.2,-0.03,0.55
939,2021-02-08,14.69,14.84,14.88,14.69,75005,24406715.0,1.29,0.75,0.11,0.49
940,2021-02-09,14.8,15.06,15.06,14.76,134486,44455450.0,2.02,1.48,0.22,0.88
941,2021-02-10,15.03,15.06,15.06,14.95,119220,39485813.0,0.73,0.0,0.0,0.78
942,2021-02-18,15.25,15.51,15.66,15.21,274843,93991924.0,2.99,2.99,0.45,1.79
943,2021-02-19,15.51,15.92,15.92,15.32,324718,113337369.0,3.87,2.64,0.41,2.12
944,2021-02-22,16.04,16.63,17.2,15.96,830948,311493504.0,7.79,4.46,0.71,5.42
945,2021-02-23,16.63,16.63,16.97,16.19,583310,217433829.0,4.69,0.0,0.0,3.81
946,2021-02-24,16.41,16.26,16.67,16.04,332640,121990832.0,3.79,-2.22,-0.37,2.17
947,2021-02-25,16.37,16.41,16.67,16.3,385992,143141162.0,2.28,0.92,0.15,2.52
948,2021-02-26,16.07,16.04,16.34,15.92,275789,99647349.0,2.56,-2.25,-0.37,1.8
949,2021-03-01,16.11,16.71,16.82,16.11,420749,156157306.0,4.43,4.18,0.67,2.74
950,2021-03-02,16.67,16.37,16.82,16.26,369954,137559010.0,3.35,-2.03,-0.34,2.41
951,2021-03-03,16.71,17.08,17.2,16.71,868874,334820608.0,2.99,4.34,0.71,5.67
952,2021-03-04,16.93,17.42,18.32,16.82,1248052,496492112.0,8.78,1.99,0.34,8.14
953,2021-03-05,16.97,16.6,17.05,16.37,652006,244621518.0,3.9,-4.71,-0.82,4.25
954,2021-03-08,16.75,16.49,17.23,16.45,554463,211650538.0,4.7,-0.66,-0.11,3.62
955,2021-03-09,16.49,17.05,17.53,16.0,921972,353525856.0,9.28,3.4,0.56,6.01
956,2021-03-10,16.78,16.78,17.31,16.56,531430,202142524.0,4.4,-1.58,-0.27,3.47
957,2021-03-11,16.9,17.87,17.98,16.6,1061120,420932960.0,8.22,6.5,1.09,6.92
958,2021-03-12,17.91,17.95,18.21,17.57,1008336,411019472.0,3.58,0.45,0.08,6.58
959,2021-03-15,19.48,19.48,19.48,19.41,711469,320859072.0,0.39,8.52,1.53,4.64
960,2021-03-16,19.52,19.71,19.78,18.77,1879000,836348400.0,5.18,1.18,0.23,12.26
961,2021-03-17,19.07,18.43,19.33,18.32,1304771,559660416.0,5.12,-6.49,-1.28,8.51
962,2021-03-18,18.24,18.39,18.77,17.98,980937,413373280.0,4.29,-0.22,-0.04,6.4
963,2021-03-19,18.02,18.21,18.77,17.87,780972,327288016.0,4.89,-0.98,-0.18,5.09
964,2021-03-22,18.69,18.32,18.99,18.02,846348,357888016.0,5.33,0.6,0.11,5.52
965,2021-03-23,18.13,17.16,18.17,17.08,973713,388757056.0,5.95,-6.33,-1.16,6.35
966,2021-03-24,16.9,17.38,17.42,16.67,707123,272229248.0,4.37,1.28,0.22,4.61
967,2021-03-25,17.35,17.01,17.38,16.82,419664,163015292.0,3.22,-2.13,-0.37,2.74
968,2021-03-26,17.05,17.42,17.5,17.01,492695,193504903.0,2.88,2.41,0.41,3.21
969,2021-03-29,17.57,17.72,17.8,17.35,571541,228809677.0,2.58,1.72,0.3,3.73
970,2021-03-30,17.61,18.28,18.66,17.46,1088825,452259392.0,6.77,3.16,0.56,7.1
971,2021-03-31,18.24,18.17,18.84,17.87,824290,346262080.0,5.31,-0.6,-0.11,5.38
972,2021-04-01,17.91,18.69,19.26,17.61,1237166,520407488.0,9.08,2.86,0.52,8.07
973,2021-04-02,18.32,18.32,18.77,18.24,691000,292126736.0,2.84,-1.98,-0.37,4.51
974,2021-04-06,18.51,18.36,18.96,18.32,638572,272597664.0,3.49,0.22,0.04,4.17
975,2021-04-07,18.17,19.67,19.93,18.06,1525398,673357424.0,10.19,7.14,1.31,9.95
976,2021-04-08,19.52,20.19,21.39,19.18,2373056,1132062240.0,11.24,2.64,0.52,15.48
977,2021-04-09,20.87,20.64,21.17,19.26,2126057,1011596288.0,9.46,2.23,0.45,13.87
978,2021-04-12,20.38,21.73,22.36,20.08,1983861,995124960.0,11.05,5.28,1.09,12.94
979,2021-04-13,20.79,20.49,21.2,20.04,1344569,647541296.0,5.34,-5.71,-1.24,8.77
980,2021-04-14,19.67,20.57,21.05,19.67,1107918,525188608.0,6.73,0.39,0.08,7.23
981,2021-04-15,20.38,19.85,20.53,19.67,770819,357698928.0,4.18,-3.5,-0.72,5.03
982,2021-04-16,19.82,19.89,20.3,19.82,673314,313687504.0,2.42,0.2,0.04,4.39
983,2021-04-19,19.89,20.0,20.57,19.44,752114,352358192.0,5.68,0.55,0.11,4.91
984,2021-04-20,19.93,19.97,20.38,19.82,594879,277657088.0,2.8,-0.15,-0.03,3.88
985,2021-04-21,19.97,19.85,20.0,19.18,635124,288207184.0,4.11,-0.6,-0.12,4.14
986,2021-04-22,19.97,21.58,21.58,19.93,1778845,894860256.0,8.31,8.72,1.73,11.6
987,2021-04-23,21.31,23.49,23.49,21.13,2330643,1253841728.0,10.94,8.85,1.91,15.2
988,2021-04-26,23.75,22.7,24.24,22.55,1948621,1076251296.0,7.19,-3.36,-0.79,12.71
989,2021-04-27,23.0,22.55,23.3,21.99,1005972,534073504.0,5.77,-0.66,-0.15,6.56
990,2021-04-28,22.29,22.36,22.51,21.8,911453,477600224.0,3.15,-0.84,-0.19,5.95
991,2021-04-29,22.21,22.03,22.36,21.2,1121037,575798832.0,5.19,-1.48,-0.33,7.31
992,2021-04-30,21.99,22.06,22.44,21.61,912594,473252560.0,3.77,0.14,0.03,5.95
993,2021-05-06,23.0,24.01,24.01,22.55,1437990,805193392.0,6.62,8.84,1.95,9.38
994,2021-05-07,24.87,25.13,25.96,24.31,1692152,1023236768.0,6.87,4.66,1.12,11.04
995,2021-05-10,26.22,27.38,27.38,25.02,1828772,1146865904.0,9.39,8.95,2.25,11.93
996,2021-05-11,26.78,25.77,26.93,25.62,1515267,949125152.0,4.78,-5.88,-1.61,9.88
997,2021-05-12,26.18,26.41,27.38,25.73,1502921,953660240.0,6.4,2.48,0.64,9.8
998,2021-05-13,25.81,25.21,26.86,24.98,1446414,893877664.0,7.12,-4.54,-1.2,9.44
999,2021-05-14,25.28,24.65,25.96,24.09,1454570,867625024.0,7.42,-2.22,-0.56,9.49
1000,2021-05-17,24.35,25.25,26.18,24.09,1210323,727250064.0,8.48,2.43,0.6,7.9
1001,2021-05-18,25.85,25.47,25.99,25.25,884366,542990448.0,2.93,0.87,0.22,5.77
1002,2021-05-19,25.02,24.65,25.32,24.39,886896,524440880.0,3.65,-3.22,-0.82,5.79
1003,2021-05-20,23.07,23.6,23.79,22.44,1392676,753743920.0,5.48,-4.26,-1.05,9.09
1004,2021-05-21,23.49,25.06,25.4,23.26,1115203,651077600.0,9.07,6.19,1.46,7.28
1005,2021-05-24,24.12,24.01,24.76,23.56,743987,429026864.0,4.79,-4.19,-1.05,4.85
1006,2021-05-25,24.35,24.16,24.46,23.04,821044,464707472.0,5.91,0.62,0.15,5.36
1007,2021-05-26,23.64,23.94,24.27,23.56,594841,338788944.0,2.94,-0.91,-0.22,3.88
1008,2021-05-27,23.9,24.01,24.35,23.79,462385,264587166.0,2.34,0.29,0.07,3.02
1009,2021-05-28,24.65,23.67,24.87,23.64,729297,419320752.0,5.12,-1.42,-0.34,4.76
1010,2021-05-31,23.79,23.49,23.9,23.11,450616,250690997.0,3.34,-0.76,-0.18,2.94
1011,2021-06-01,22.89,23.6,23.71,22.44,729204,395674208.0,5.41,0.47,0.11,4.76
1012,2021-06-02,23.3,22.89,23.52,22.81,407177,222837905.0,3.01,-3.01,-0.71,2.66
1013,2021-06-03,22.89,23.52,24.24,22.89,712092,399101920.0,5.9,2.75,0.63,4.65
1014,2021-06-04,23.19,23.11,23.26,22.44,411259,223581716.0,3.49,-1.74,-0.41,2.68
1015,2021-06-07,23.11,22.85,23.26,22.7,336183,182409716.0,2.42,-1.13,-0.26,2.19
1016,2021-06-08,22.74,23.34,24.31,22.66,680761,379025728.0,7.22,2.14,0.49,4.44
1017,2021-06-09,23.37,23.86,24.46,23.37,766885,437058256.0,4.67,2.23,0.52,5.0
1018,2021-06-10,23.67,24.35,24.57,23.6,814861,470820432.0,4.07,2.05,0.49,5.32
1019,2021-06-11,24.5,25.77,26.48,24.24,1100681,666812784.0,9.2,5.83,1.42,7.18
1020,2021-06-15,25.17,25.32,25.58,24.72,627971,379682832.0,3.34,-1.75,-0.45,4.1
1021,2021-06-16,25.06,25.17,26.18,24.5,611862,371990640.0,6.64,-0.59,-0.15,3.99
1022,2021-06-17,25.1,25.55,26.48,24.98,693278,428669872.0,5.96,1.51,0.38,4.52
1023,2021-06-18,25.51,26.71,26.86,25.02,965387,610649904.0,7.2,4.54,1.16,6.3
1024,2021-06-21,27.68,26.22,27.94,25.99,956729,616057168.0,7.3,-1.83,-0.49,6.24
1025,2021-06-22,26.07,25.99,26.37,25.28,676381,418565904.0,4.16,-0.88,-0.23,4.41
1026,2021-06-23,25.81,25.58,25.99,25.17,482713,295627008.0,3.16,-1.58,-0.41,3.15
1027,2021-06-24,25.43,24.91,25.58,24.87,523916,315166672.0,2.78,-2.62,-0.67,3.42
1028,2021-06-25,25.17,27.16,27.16,24.8,841375,534520304.0,9.47,9.03,2.25,5.49
1029,2021-06-28,27.31,26.74,27.64,26.71,1004080,656016160.0,3.42,-1.55,-0.42,6.55
1030,2021-06-29,26.74,25.43,26.74,25.32,651808,404284720.0,5.31,-4.9,-1.31,4.25
1031,2021-06-30,25.55,25.73,25.92,25.17,604687,370543984.0,2.95,1.18,0.3,3.94
1032,2021-07-01,25.66,25.13,26.07,24.98,529375,322225808.0,4.24,-2.33,-0.6,3.45
1033,2021-07-02,24.72,24.91,25.28,24.61,306355,183035487.0,2.67,-0.88,-0.22,2.0
1034,2021-07-05,24.87,25.1,25.21,24.31,340449,202546650.0,3.61,0.76,0.19,2.22
1035,2021-07-06,25.4,25.51,26.26,25.02,448563,275181472.0,4.94,1.63,0.41,2.93
1036,2021-07-07,25.77,26.33,26.86,25.55,1249467,786129520.0,5.14,3.21,0.82,8.15
1037,2021-07-08,25.99,25.62,26.18,25.47,644751,399678736.0,2.7,-2.7,-0.71,4.21
1038,2021-07-09,25.4,25.81,26.11,24.72,801590,488688528.0,5.43,0.74,0.19,5.23
1039,2021-07-12,25.99,26.22,27.16,25.99,967396,617412704.0,4.53,1.59,0.41,6.31
1040,2021-07-13,26.41,27.04,27.04,25.88,826346,529999088.0,4.42,3.13,0.82,5.39
1041,2021-07-14,26.67,27.08,27.98,26.59,852396,560234320.0,5.14,0.15,0.04,5.56
1042,2021-07-15,26.67,29.51,29.51,26.63,1571220,1095642656.0,10.64,8.97,2.43,10.25
1043,2021-07-16,30.15,30.86,31.24,29.36,1628929,1215955680.0,6.37,4.57,1.35,10.63
1044,2021-07-19,30.67,31.05,33.67,30.67,1272251,976125648.0,9.72,0.62,0.19,8.3
1045,2021-07-20,30.79,30.26,30.86,29.66,776057,575951104.0,3.86,-2.54,-0.79,5.06
1046,2021-07-21,30.79,30.11,31.05,29.55,868535,642017408.0,4.96,-0.5,-0.15,5.67
1047,2021-07-22,30.11,31.09,31.8,29.85,1089085,824041152.0,6.48,3.25,0.98,7.1
1048,2021-07-23,30.9,30.38,32.25,30.23,1171817,892169184.0,6.5,-2.28,-0.71,7.64
1049,2021-07-26,30.38,29.33,30.79,28.73,957651,689276144.0,6.78,-3.46,-1.05,6.25
1050,2021-07-27,29.55,27.83,30.08,27.72,970275,677863600.0,8.05,-5.11,-1.5,6.33
1051,2021-07-28,27.64,27.16,27.83,26.22,575448,376446576.0,5.79,-2.41,-0.67,3.75
1052,2021-07-29,27.64,28.28,28.43,27.38,549222,372071120.0,3.87,4.12,1.12,3.58
1053,2021-07-30,28.2,29.74,29.96,28.02,861074,613931872.0,6.86,5.16,1.46,5.62
1054,2021-08-02,28.43,28.99,29.18,27.64,747117,512654352.0,5.18,-2.52,-0.75,4.87
1055,2021-08-03,28.43,27.6,28.73,27.27,527191,354181200.0,5.04,-4.79,-1.39,3.44
1056,2021-08-04,27.87,28.39,28.69,27.6,503121,342829216.0,3.95,2.86,0.79,3.28
1057,2021-08-05,28.2,27.6,28.2,27.38,372224,248804898.0,2.89,-2.78,-0.79,2.43
1058,2021-08-06,27.27,27.6,27.87,26.78,364939,242662439.0,3.95,0.0,0.0,2.38
1059,2021-08-09,27.42,27.87,28.05,26.86,393531,263112214.0,4.31,0.98,0.27,2.57
1060,2021-08-10,27.83,27.46,27.87,27.16,383397,254311448.0,2.55,-1.47,-0.41,2.5
1061,2021-08-11,27.83,28.95,29.07,27.53,866278,593990848.0,5.61,5.43,1.49,5.65
1062,2021-08-12,28.5,29.14,29.66,28.24,867694,616616208.0,4.91,0.66,0.19,5.66
1063,2021-08-13,28.8,30.11,30.49,28.62,884177,640753520.0,6.42,3.33,0.97,5.77
1064,2021-08-16,30.11,30.04,30.6,29.48,694105,507801808.0,3.72,-0.23,-0.07,4.53
1065,2021-08-17,29.81,29.36,30.45,29.25,639456,465810944.0,3.99,-2.26,-0.68,4.17
1066,2021-08-18,29.33,30.19,30.79,29.14,734339,541007712.0,5.62,2.83,0.83,4.79
1067,2021-08-19,29.36,29.4,29.63,28.65,642792,456398592.0,3.25,-2.62,-0.79,4.19
1068,2021-08-20,29.48,30.26,30.6,28.95,620671,449947168.0,5.61,2.93,0.86,4.05
1069,2021-08-23,30.26,29.78,30.86,29.63,748051,548690352.0,4.06,-1.59,-0.48,4.88
1070,2021-08-24,29.81,31.24,31.72,29.63,958988,719422944.0,7.02,4.9,1.46,6.26
1071,2021-08-25,31.01,31.05,31.2,30.19,619023,462908976.0,3.23,-0.61,-0.19,4.04
1072,2021-08-26,31.24,32.06,32.92,31.24,1012957,798475776.0,5.41,3.25,1.01,6.61
1073,2021-08-27,31.42,32.36,32.51,31.42,713766,560095616.0,3.4,0.94,0.3,4.66
1074,2021-08-30,32.88,32.21,32.88,31.42,811933,640117264.0,4.51,-0.46,-0.15,5.3
1075,2021-08-31,32.14,33.52,33.6,32.02,1135036,924795440.0,4.91,4.07,1.31,7.4
1076,2021-09-01,33.52,31.5,34.64,31.31,1109834,891262336.0,9.93,-6.03,-2.02,7.24
1077,2021-09-02,31.5,32.17,32.4,30.9,906680,707332656.0,4.76,2.13,0.67,5.91
1078,2021-09-03,32.06,34.12,35.13,32.02,1559190,1303087040.0,9.67,6.06,1.95,10.17
1079,2021-09-06,33.67,33.97,34.72,31.87,1041135,853986880.0,8.35,-0.44,-0.15,6.79
1080,2021-09-07,33.48,37.08,37.11,33.15,1349430,1183309984.0,11.66,9.16,3.11,8.8
1081,2021-09-08,35.84,36.25,37.04,35.35,1026078,917828304.0,4.56,-2.24,-0.83,6.69
1082,2021-09-09,36.18,39.62,39.62,35.95,1395359,1337594144.0,10.12,9.3,3.37,9.1
1083,2021-09-10,40.0,42.47,42.58,39.21,1589728,1623521280.0,8.51,7.19,2.85,10.37
1084,2021-09-13,41.16,43.37,44.19,41.01,1198017,1276254352.0,7.49,2.12,0.9,7.82
1085,2021-09-14,42.58,40.75,43.03,39.89,943872,970413296.0,7.24,-6.04,-2.62,6.16
1086,2021-09-15,40.45,40.52,41.35,39.81,600494,609563536.0,3.78,-0.56,-0.23,3.92
1087,2021-09-16,41.23,40.41,42.73,40.3,780413,809723552.0,6.0,-0.27,-0.11,5.09
1088,2021-09-17,40.0,38.8,41.16,37.15,812199,797685616.0,9.92,-3.98,-1.61,5.3
1089,2021-09-22,38.57,39.81,40.48,38.39,544087,537079312.0,5.39,2.6,1.01,3.55
1090,2021-09-23,40.67,39.59,41.01,38.72,578727,577645328.0,5.75,-0.55,-0.22,3.78
1091,2021-09-24,38.99,37.41,40.15,37.26,537677,513405104.0,7.3,-5.51,-2.18,3.51
1092,2021-09-27,37.56,35.73,37.98,34.79,534388,482160304.0,8.53,-4.49,-1.68,3.49
1093,2021-09-28,35.8,35.43,36.22,34.79,341133,299864656.0,4.0,-0.84,-0.3,2.23
1094,2021-09-29,35.5,33.11,35.73,32.36,525737,435012704.0,9.51,-6.55,-2.32,3.43
1095,2021-09-30,33.3,33.18,33.71,32.62,367896,300193936.0,3.29,0.21,0.07,2.4
1096,2021-10-08,33.41,32.7,33.82,32.17,394150,316898816.0,4.97,-1.45,-0.48,2.57
1097,2021-10-11,32.66,32.14,32.73,31.35,345783,272326832.0,4.22,-1.71,-0.56,2.26
1098,2021-10-12,32.21,30.6,32.51,29.96,585955,444773456.0,7.93,-4.79,-1.54,3.82
1099,2021-10-13,30.86,30.34,30.94,29.51,441917,324454496.0,4.67,-0.85,-0.26,2.88
1100,2021-10-14,30.71,31.12,31.87,30.38,603316,460489680.0,4.91,2.57,0.78,3.94
1101,2021-10-15,31.31,31.01,31.54,30.71,465016,354772928.0,2.67,-0.35,-0.11,3.03
1102,2021-10-18,31.01,31.99,32.55,30.75,452083,353212640.0,5.8,3.16,0.98,2.95
1103,2021-10-19,32.02,33.3,33.33,31.84,575628,463010304.0,4.66,4.1,1.31,3.76
1104,2021-10-20,32.4,32.88,33.37,30.97,588829,468847392.0,7.21,-1.26,-0.42,3.84
1105,2021-10-21,32.88,32.14,33.48,31.99,700946,565778128.0,4.53,-2.25,-0.74,4.57
1106,2021-10-22,31.91,30.23,32.17,30.08,733554,554849968.0,6.5,-5.94,-1.91,4.79
1107,2021-10-25,29.93,30.56,31.16,29.66,487993,364950800.0,4.96,1.09,0.33,3.18
1108,2021-10-26,30.9,30.45,31.09,30.23,368602,275362048.0,2.81,-0.36,-0.11,2.4
1109,2021-10-27,30.45,29.33,30.45,29.18,435922,314312864.0,4.17,-3.68,-1.12,2.84
1110,2021-10-28,29.36,29.03,29.48,28.2,494866,346863200.0,4.36,-1.02,-0.3,3.23
1111,2021-10-29,29.36,29.14,29.51,28.58,360560,255092731.0,3.2,0.38,0.11,2.35
1112,2021-11-01,29.74,30.86,31.31,29.33,743325,550339296.0,6.79,5.9,1.72,4.85
1113,2021-11-02,30.49,28.43,30.64,28.05,851830,601454224.0,8.39,-7.87,-2.43,5.56
1114,2021-11-03,28.39,28.24,28.39,27.34,568007,383390144.0,3.69,-0.67,-0.19,3.71
1115,2021-11-04,27.9,27.79,28.02,27.6,379121,254913663.0,1.49,-1.59,-0.45,2.47
1116,2021-11-05,27.27,26.22,27.49,26.14,554978,357120800.0,4.86,-5.65,-1.57,3.62
1117,2021-11-08,26.29,26.41,27.01,26.29,447341,286757088.0,2.75,0.72,0.19,2.92
1118,2021-11-09,26.52,26.18,26.63,25.85,328368,206936427.0,2.95,-0.87,-0.23,2.14
1119,2021-11-10,25.81,26.29,26.37,25.32,460447,285543632.0,4.01,0.42,0.11,3.0
1120,2021-11-11,26.78,26.97,27.27,26.33,617180,399622464.0,3.58,2.59,0.68,4.03
1121,2021-11-12,26.67,25.85,26.86,25.81,581780,366599456.0,3.89,-4.15,-1.12,3.8
1122,2021-11-15,25.73,25.81,25.99,25.28,418132,257891241.0,2.75,-0.15,-0.04,2.73
1123,2021-11-16,25.81,25.17,25.88,25.13,368362,224794885.0,2.91,-2.48,-0.64,2.4
1124,2021-11-17,25.4,25.17,25.47,25.02,483559,292138256.0,1.79,0.0,0.0,3.15
1125,2021-11-18,25.06,25.13,25.51,24.98,467079,282798304.0,2.11,-0.16,-0.04,3.05
1126,2021-11-19,25.1,25.58,25.73,24.72,545121,330680992.0,4.02,1.79,0.45,3.56
1127,2021-11-22,25.7,25.77,26.07,25.51,401216,248210355.0,2.19,0.74,0.19,2.62
1128,2021-11-23,25.85,26.74,27.34,25.55,967865,624259920.0,6.95,3.76,0.97,6.31
1129,2021-11-24,26.74,26.63,27.01,26.11,604605,386147728.0,3.37,-0.41,-0.11,3.94
1130,2021-11-25,26.63,25.92,26.63,25.88,420803,264106861.0,2.82,-2.67,-0.71,2.75
1131,2021-11-26,25.7,26.44,26.89,25.55,642173,408704912.0,5.17,2.01,0.52,4.19
1132,2021-11-29,25.81,26.29,26.52,25.55,468301,291899248.0,3.67,-0.57,-0.15,3.06
1133,2021-11-30,26.37,26.07,26.71,25.85,375038,237120700.0,3.27,-0.84,-0.22,2.45
1134,2021-12-01,25.85,26.48,26.52,25.66,385392,242186312.0,3.3,1.57,0.41,2.51
1135,2021-12-02,26.29,27.08,27.27,25.99,777823,501660176.0,4.83,2.27,0.6,5.07
1136,2021-12-03,26.89,26.71,27.01,26.03,844078,538800944.0,3.62,-1.37,-0.37,5.51
1137,2021-12-06,26.63,26.71,27.46,26.63,813702,531655168.0,3.11,0.0,0.0,5.31
1138,2021-12-07,26.97,27.75,28.32,26.37,1070296,706906096.0,7.3,3.89,1.04,6.98
1139,2021-12-08,27.46,27.64,27.75,27.23,653316,435598336.0,1.87,-0.4,-0.11,4.26
1140,2021-12-09,27.49,27.34,27.83,27.27,596287,395222832.0,2.03,-1.09,-0.3,3.89
1141,2021-12-10,27.31,26.86,27.38,26.67,499790,325539968.0,2.6,-1.76,-0.48,3.26
1142,2021-12-13,26.93,27.01,27.16,26.78,377392,245888821.0,1.41,0.56,0.15,2.46
1143,2021-12-14,26.89,26.48,26.93,26.41,372157,238281431.0,1.93,-1.96,-0.53,2.43
1144,2021-12-15,26.48,26.56,26.89,26.41,327074,210405179.0,1.81,0.3,0.08,2.13
1145,2021-12-16,26.52,28.02,28.05,26.48,1271860,851841728.0,5.91,5.5,1.46,8.3
1146,2021-12-17,28.02,27.49,28.32,27.46,663578,447082976.0,3.07,-1.89,-0.53,4.33
1147,2021-12-20,27.49,26.78,27.75,26.74,503582,329651248.0,3.67,-2.58,-0.71,3.29
1148,2021-12-21,26.71,27.46,27.64,26.63,495592,325561520.0,3.77,2.54,0.68,3.23
1149,2021-12-22,27.42,27.08,27.46,26.97,359121,235486663.0,1.78,-1.38,-0.38,2.34
1150,2021-12-23,27.27,27.53,27.79,27.04,541853,359303216.0,2.77,1.66,0.45,3.53
1151,2021-12-24,27.46,26.71,27.49,26.63,487953,317392480.0,3.12,-2.98,-0.82,3.18
1152,2021-12-27,26.41,26.26,26.59,26.07,345031,218200557.0,1.95,-1.68,-0.45,2.25
1153,2021-12-28,26.18,26.22,26.41,25.99,240318,151450368.0,1.6,-0.15,-0.04,1.57
1154,2021-12-29,26.14,26.26,26.59,26.07,211315,134133045.0,1.98,0.15,0.04,1.38
1155,2021-12-30,26.33,26.03,26.44,25.99,318131,200040855.0,1.71,-0.88,-0.23,2.08
1156,2021-12-31,25.99,25.85,26.14,25.81,326423,203476026.0,1.27,-0.69,-0.18,2.13
